service_line_id,region_code,region_name,operator_name,service_line_name,station_order,order_conflict,source_line_id,source_station_id,source_station_key,station_name
SL_3B15A9A8C8CE,01,수도권,공항철도주식회사,공항,1,False,I28A1,A01,I28A1|A01,서울
SL_3B15A9A8C8CE,01,수도권,공항철도주식회사,공항,2,False,I28A1,A02,I28A1|A02,공덕
SL_3B15A9A8C8CE,01,수도권,공항철도주식회사,공항,3,False,I28A1,A03,I28A1|A03,홍대입구
SL_3B15A9A8C8CE,01,수도권,공항철도주식회사,공항,4,False,I28A1,A04,I28A1|A04,디지털미디어시티
SL_3B15A9A8C8CE,01,수도권,공항철도주식회사,공항,5,False,I28A1,A042,I28A1|A042,마곡나루
SL_3B15A9A8C8CE,01,수도권,공항철도주식회사,공항,6,False,I28A1,A05,I28A1|A05,김포공항
SL_3B15A9A8C8CE,01,수도권,공항철도주식회사,공항,7,False,I28A1,A06,I28A1|A06,계양
SL_3B15A9A8C8CE,01,수도권,공항철도주식회사,공항,8,False,I28A1,A07,I28A1|A07,검암
SL_3B15A9A8C8CE,01,수도권,공항철도주식회사,공항,9,False,I28A1,A071,I28A1|A071,청라국제도시
SL_3B15A9A8C8CE,01,수도권,공항철도주식회사,공항,10,False,I28A1,A072,I28A1|A072,영종
SL_3B15A9A8C8CE,01,수도권,공항철도주식회사,공항,11,False,I28A1,A08,I28A1|A08,운서
SL_3B15A9A8C8CE,01,수도권,공항철도주식회사,공항,12,False,I28A1,A09,I28A1|A09,공항화물청사
SL_3B15A9A8C8CE,01,수도권,공항철도주식회사,공항,13,False,I28A1,A10,I28A1|A10,인천공항1터미널
SL_3B15A9A8C8CE,01,수도권,공항철도주식회사,공항,14,False,I28A1,A11,I28A1|A11,인천공항2터미널
SL_8A8C2141F5AC,02,부산,부산김해경전철주식회사,부산김해경전철,1,False,L48B1,0001,L48B1|0001,사상
SL_8A8C2141F5AC,02,부산,부산김해경전철주식회사,부산김해경전철,2,False,L48B1,0002,L48B1|0002,괘법르네시떼
SL_8A8C2141F5AC,02,부산,부산김해경전철주식회사,부산김해경전철,3,False,L48B1,0003,L48B1|0003,서부산유통지구
SL_8A8C2141F5AC,02,부산,부산김해경전철주식회사,부산김해경전철,4,False,L48B1,0004,L48B1|0004,공항
SL_8A8C2141F5AC,02,부산,부산김해경전철주식회사,부산김해경전철,5,False,L48B1,0005,L48B1|0005,덕두
SL_8A8C2141F5AC,02,부산,부산김해경전철주식회사,부산김해경전철,6,False,L48B1,0006,L48B1|0006,등구
SL_8A8C2141F5AC,02,부산,부산김해경전철주식회사,부산김해경전철,7,False,L48B1,0007,L48B1|0007,대저
SL_8A8C2141F5AC,02,부산,부산김해경전철주식회사,부산김해경전철,8,False,L48B1,0008,L48B1|0008,평강
SL_8A8C2141F5AC,02,부산,부산김해경전철주식회사,부산김해경전철,9,False,L48B1,0009,L48B1|0009,대사
SL_8A8C2141F5AC,02,부산,부산김해경전철주식회사,부산김해경전철,10,False,L48B1,0010,L48B1|0010,불암
SL_8A8C2141F5AC,02,부산,부산김해경전철주식회사,부산김해경전철,11,False,L48B1,0011,L48B1|0011,지내
SL_8A8C2141F5AC,02,부산,부산김해경전철주식회사,부산김해경전철,12,False,L48B1,0012,L48B1|0012,김해대학
SL_8A8C2141F5AC,02,부산,부산김해경전철주식회사,부산김해경전철,13,False,L48B1,0013,L48B1|0013,인제대
SL_8A8C2141F5AC,02,부산,부산김해경전철주식회사,부산김해경전철,14,False,L48B1,0014,L48B1|0014,김해시청
SL_8A8C2141F5AC,02,부산,부산김해경전철주식회사,부산김해경전철,15,False,L48B1,0015,L48B1|0015,부원
SL_8A8C2141F5AC,02,부산,부산김해경전철주식회사,부산김해경전철,16,False,L48B1,0016,L48B1|0016,봉황
SL_8A8C2141F5AC,02,부산,부산김해경전철주식회사,부산김해경전철,17,False,L48B1,0017,L48B1|0017,수로왕릉
SL_8A8C2141F5AC,02,부산,부산김해경전철주식회사,부산김해경전철,18,False,L48B1,0018,L48B1|0018,박물관
SL_8A8C2141F5AC,02,부산,부산김해경전철주식회사,부산김해경전철,19,False,L48B1,0019,L48B1|0019,연지공원
SL_8A8C2141F5AC,02,부산,부산김해경전철주식회사,부산김해경전철,20,False,L48B1,0020,L48B1|0020,장신대
SL_8A8C2141F5AC,02,부산,부산김해경전철주식회사,부산김해경전철,21,False,L48B1,0021,L48B1|0021,가야대
SL_BFAC24E0343C,02,부산,부산교통공사,1호선,1,False,S2601,0095,S2601|0095,다대포해수욕장
SL_BFAC24E0343C,02,부산,부산교통공사,1호선,2,False,S2601,0096,S2601|0096,다대포항
SL_BFAC24E0343C,02,부산,부산교통공사,1호선,3,False,S2601,0097,S2601|0097,낫개
SL_BFAC24E0343C,02,부산,부산교통공사,1호선,4,False,S2601,0098,S2601|0098,신장림
SL_BFAC24E0343C,02,부산,부산교통공사,1호선,5,False,S2601,0099,S2601|0099,장림
SL_BFAC24E0343C,02,부산,부산교통공사,1호선,6,False,S2601,0100,S2601|0100,동매
SL_BFAC24E0343C,02,부산,부산교통공사,1호선,7,False,S2601,0101,S2601|0101,신평
SL_BFAC24E0343C,02,부산,부산교통공사,1호선,8,False,S2601,0102,S2601|0102,하단
SL_BFAC24E0343C,02,부산,부산교통공사,1호선,9,False,S2601,0103,S2601|0103,당리
SL_BFAC24E0343C,02,부산,부산교통공사,1호선,10,False,S2601,0104,S2601|0104,사하
SL_BFAC24E0343C,02,부산,부산교통공사,1호선,11,False,S2601,0105,S2601|0105,괴정
SL_BFAC24E0343C,02,부산,부산교통공사,1호선,12,False,S2601,0106,S2601|0106,대티
SL_BFAC24E0343C,02,부산,부산교통공사,1호선,13,False,S2601,0107,S2601|0107,서대신
SL_BFAC24E0343C,02,부산,부산교통공사,1호선,14,False,S2601,0108,S2601|0108,동대신
SL_BFAC24E0343C,02,부산,부산교통공사,1호선,15,False,S2601,0109,S2601|0109,토성
SL_BFAC24E0343C,02,부산,부산교통공사,1호선,16,False,S2601,0110,S2601|0110,자갈치
SL_BFAC24E0343C,02,부산,부산교통공사,1호선,17,False,S2601,0111,S2601|0111,남포
SL_BFAC24E0343C,02,부산,부산교통공사,1호선,18,False,S2601,0112,S2601|0112,중앙
SL_BFAC24E0343C,02,부산,부산교통공사,1호선,19,False,S2601,0113,S2601|0113,부산역
SL_BFAC24E0343C,02,부산,부산교통공사,1호선,20,False,S2601,0114,S2601|0114,초량
SL_BFAC24E0343C,02,부산,부산교통공사,1호선,21,False,S2601,0115,S2601|0115,부산진
SL_BFAC24E0343C,02,부산,부산교통공사,1호선,22,False,S2601,0116,S2601|0116,좌천
SL_BFAC24E0343C,02,부산,부산교통공사,1호선,23,False,S2601,0117,S2601|0117,범일
SL_BFAC24E0343C,02,부산,부산교통공사,1호선,24,False,S2601,0118,S2601|0118,범내골
SL_BFAC24E0343C,02,부산,부산교통공사,1호선,25,False,S2601,0119,S2601|0119,서면
SL_BFAC24E0343C,02,부산,부산교통공사,1호선,26,False,S2601,0120,S2601|0120,부전
SL_BFAC24E0343C,02,부산,부산교통공사,1호선,27,False,S2601,0121,S2601|0121,양정
SL_BFAC24E0343C,02,부산,부산교통공사,1호선,28,False,S2601,0122,S2601|0122,시청(연제)
SL_BFAC24E0343C,02,부산,부산교통공사,1호선,29,False,S2601,0123,S2601|0123,연산
SL_BFAC24E0343C,02,부산,부산교통공사,1호선,30,False,S2601,0124,S2601|0124,교대
SL_BFAC24E0343C,02,부산,부산교통공사,1호선,31,False,S2601,0125,S2601|0125,동래
SL_BFAC24E0343C,02,부산,부산교통공사,1호선,32,False,S2601,0126,S2601|0126,명륜
SL_BFAC24E0343C,02,부산,부산교통공사,1호선,33,False,S2601,0127,S2601|0127,온천장
SL_BFAC24E0343C,02,부산,부산교통공사,1호선,34,False,S2601,0128,S2601|0128,부산대
SL_BFAC24E0343C,02,부산,부산교통공사,1호선,35,False,S2601,0129,S2601|0129,장전
SL_BFAC24E0343C,02,부산,부산교통공사,1호선,36,False,S2601,0130,S2601|0130,구서
SL_BFAC24E0343C,02,부산,부산교통공사,1호선,37,False,S2601,0131,S2601|0131,두실
SL_BFAC24E0343C,02,부산,부산교통공사,1호선,38,False,S2601,0132,S2601|0132,남산
SL_BFAC24E0343C,02,부산,부산교통공사,1호선,39,False,S2601,0133,S2601|0133,범어사
SL_BFAC24E0343C,02,부산,부산교통공사,1호선,40,False,S2601,0134,S2601|0134,노포
SL_669DDAD57BBE,02,부산,부산교통공사,2호선,1,False,S2602,0201,S2602|0201,장산
SL_669DDAD57BBE,02,부산,부산교통공사,2호선,2,False,S2602,0202,S2602|0202,중동
SL_669DDAD57BBE,02,부산,부산교통공사,2호선,3,False,S2602,0203,S2602|0203,해운대
SL_669DDAD57BBE,02,부산,부산교통공사,2호선,4,False,S2602,0204,S2602|0204,동백
SL_669DDAD57BBE,02,부산,부산교통공사,2호선,5,False,S2602,0205,S2602|0205,벡스코
SL_669DDAD57BBE,02,부산,부산교통공사,2호선,6,False,S2602,0206,S2602|0206,센텀시티
SL_669DDAD57BBE,02,부산,부산교통공사,2호선,7,False,S2602,0207,S2602|0207,민락
SL_669DDAD57BBE,02,부산,부산교통공사,2호선,8,False,S2602,0208,S2602|0208,수영
SL_669DDAD57BBE,02,부산,부산교통공사,2호선,9,False,S2602,0209,S2602|0209,광안
SL_669DDAD57BBE,02,부산,부산교통공사,2호선,10,False,S2602,0210,S2602|0210,금련산
SL_669DDAD57BBE,02,부산,부산교통공사,2호선,11,False,S2602,0211,S2602|0211,남천
SL_669DDAD57BBE,02,부산,부산교통공사,2호선,12,False,S2602,0212,S2602|0212,경성대·부경대
SL_669DDAD57BBE,02,부산,부산교통공사,2호선,13,False,S2602,0213,S2602|0213,대연
SL_669DDAD57BBE,02,부산,부산교통공사,2호선,14,False,S2602,0214,S2602|0214,못골
SL_669DDAD57BBE,02,부산,부산교통공사,2호선,15,False,S2602,0215,S2602|0215,지게골
SL_669DDAD57BBE,02,부산,부산교통공사,2호선,16,False,S2602,0216,S2602|0216,문현
SL_669DDAD57BBE,02,부산,부산교통공사,2호선,17,False,S2602,0217,S2602|0217,국제금융센터·부산은행
SL_669DDAD57BBE,02,부산,부산교통공사,2호선,18,False,S2602,0218,S2602|0218,전포
SL_669DDAD57BBE,02,부산,부산교통공사,2호선,19,False,S2602,0219,S2602|0219,서면
SL_669DDAD57BBE,02,부산,부산교통공사,2호선,20,False,S2602,0220,S2602|0220,부암
SL_669DDAD57BBE,02,부산,부산교통공사,2호선,21,False,S2602,0221,S2602|0221,가야
SL_669DDAD57BBE,02,부산,부산교통공사,2호선,22,False,S2602,0222,S2602|0222,동의대
SL_669DDAD57BBE,02,부산,부산교통공사,2호선,23,False,S2602,0223,S2602|0223,개금
SL_669DDAD57BBE,02,부산,부산교통공사,2호선,24,False,S2602,0224,S2602|0224,냉정
SL_669DDAD57BBE,02,부산,부산교통공사,2호선,25,False,S2602,0225,S2602|0225,주례
SL_669DDAD57BBE,02,부산,부산교통공사,2호선,26,False,S2602,0226,S2602|0226,감전
SL_669DDAD57BBE,02,부산,부산교통공사,2호선,27,False,S2602,0227,S2602|0227,사상
SL_669DDAD57BBE,02,부산,부산교통공사,2호선,28,False,S2602,0228,S2602|0228,덕포
SL_669DDAD57BBE,02,부산,부산교통공사,2호선,29,False,S2602,0229,S2602|0229,모덕
SL_669DDAD57BBE,02,부산,부산교통공사,2호선,30,False,S2602,0230,S2602|0230,모라
SL_669DDAD57BBE,02,부산,부산교통공사,2호선,31,False,S2602,0231,S2602|0231,구남
SL_669DDAD57BBE,02,부산,부산교통공사,2호선,32,False,S2602,0232,S2602|0232,구명
SL_669DDAD57BBE,02,부산,부산교통공사,2호선,33,False,S2602,0233,S2602|0233,덕천
SL_669DDAD57BBE,02,부산,부산교통공사,2호선,34,False,S2602,0234,S2602|0234,수정
SL_669DDAD57BBE,02,부산,부산교통공사,2호선,35,False,S2602,0235,S2602|0235,화명
SL_669DDAD57BBE,02,부산,부산교통공사,2호선,36,False,S2602,0236,S2602|0236,율리
SL_669DDAD57BBE,02,부산,부산교통공사,2호선,37,False,S2602,0237,S2602|0237,동원
SL_669DDAD57BBE,02,부산,부산교통공사,2호선,38,False,S2602,0238,S2602|0238,금곡
SL_669DDAD57BBE,02,부산,부산교통공사,2호선,39,False,S2602,0239,S2602|0239,호포
SL_669DDAD57BBE,02,부산,부산교통공사,2호선,40,False,S2602,0240,S2602|0240,증산
SL_669DDAD57BBE,02,부산,부산교통공사,2호선,41,False,S2602,0241,S2602|0241,부산대양산캠퍼스
SL_669DDAD57BBE,02,부산,부산교통공사,2호선,42,False,S2602,0242,S2602|0242,남양산
SL_669DDAD57BBE,02,부산,부산교통공사,2호선,43,False,S2602,0243,S2602|0243,양산
SL_D2AA9565CC28,02,부산,부산교통공사,3호선,1,False,S2603,0301,S2603|0301,수영
SL_D2AA9565CC28,02,부산,부산교통공사,3호선,2,False,S2603,0302,S2603|0302,망미
SL_D2AA9565CC28,02,부산,부산교통공사,3호선,3,False,S2603,0303,S2603|0303,배산
SL_D2AA9565CC28,02,부산,부산교통공사,3호선,4,False,S2603,0304,S2603|0304,물만골
SL_D2AA9565CC28,02,부산,부산교통공사,3호선,5,False,S2603,0305,S2603|0305,연산
SL_D2AA9565CC28,02,부산,부산교통공사,3호선,6,False,S2603,0306,S2603|0306,거제
SL_D2AA9565CC28,02,부산,부산교통공사,3호선,7,False,S2603,0307,S2603|0307,종합운동장
SL_D2AA9565CC28,02,부산,부산교통공사,3호선,8,False,S2603,0308,S2603|0308,사직
SL_D2AA9565CC28,02,부산,부산교통공사,3호선,9,False,S2603,0309,S2603|0309,미남
SL_D2AA9565CC28,02,부산,부산교통공사,3호선,10,False,S2603,0310,S2603|0310,만덕
SL_D2AA9565CC28,02,부산,부산교통공사,3호선,11,False,S2603,0311,S2603|0311,남산정
SL_D2AA9565CC28,02,부산,부산교통공사,3호선,12,False,S2603,0312,S2603|0312,숙등
SL_D2AA9565CC28,02,부산,부산교통공사,3호선,13,False,S2603,0313,S2603|0313,덕천
SL_D2AA9565CC28,02,부산,부산교통공사,3호선,14,False,S2603,0314,S2603|0314,구포
SL_D2AA9565CC28,02,부산,부산교통공사,3호선,15,False,S2603,0315,S2603|0315,강서구청
SL_D2AA9565CC28,02,부산,부산교통공사,3호선,16,False,S2603,0316,S2603|0316,체육공원
SL_D2AA9565CC28,02,부산,부산교통공사,3호선,17,False,S2603,0317,S2603|0317,대저
SL_B1F662AB4558,02,부산,부산교통공사,4호선,1,False,L2604,0401,L2604|0401,미남
SL_B1F662AB4558,02,부산,부산교통공사,4호선,2,False,L2604,0402,L2604|0402,동래
SL_B1F662AB4558,02,부산,부산교통공사,4호선,3,False,L2604,0403,L2604|0403,수안
SL_B1F662AB4558,02,부산,부산교통공사,4호선,4,False,L2604,0404,L2604|0404,낙민
SL_B1F662AB4558,02,부산,부산교통공사,4호선,5,False,L2604,0405,L2604|0405,충렬사
SL_B1F662AB4558,02,부산,부산교통공사,4호선,6,False,L2604,0406,L2604|0406,명장
SL_B1F662AB4558,02,부산,부산교통공사,4호선,7,False,L2604,0407,L2604|0407,서동
SL_B1F662AB4558,02,부산,부산교통공사,4호선,8,False,L2604,0408,L2604|0408,금사
SL_B1F662AB4558,02,부산,부산교통공사,4호선,9,False,L2604,0409,L2604|0409,반여농산물시장
SL_B1F662AB4558,02,부산,부산교통공사,4호선,10,False,L2604,0410,L2604|0410,석대
SL_B1F662AB4558,02,부산,부산교통공사,4호선,11,False,L2604,0411,L2604|0411,영산대
SL_B1F662AB4558,02,부산,부산교통공사,4호선,12,False,L2604,0412,L2604|0412,윗반송
SL_B1F662AB4558,02,부산,부산교통공사,4호선,13,False,L2604,0413,L2604|0413,고촌
SL_B1F662AB4558,02,부산,부산교통공사,4호선,14,False,L2604,0414,L2604|0414,안평
SL_1500AD3823C1,03,대구,대구교통공사,1호선,1,False,S2701,0115,S2701|0115,설화명곡
SL_1500AD3823C1,03,대구,대구교통공사,1호선,2,False,S2701,0116,S2701|0116,화원
SL_1500AD3823C1,03,대구,대구교통공사,1호선,3,False,S2701,0117,S2701|0117,대곡(정부대구청사)
SL_1500AD3823C1,03,대구,대구교통공사,1호선,4,False,S2701,0118,S2701|0118,진천
SL_1500AD3823C1,03,대구,대구교통공사,1호선,5,False,S2701,0119,S2701|0119,월배
SL_1500AD3823C1,03,대구,대구교통공사,1호선,6,False,S2701,0120,S2701|0120,상인
SL_1500AD3823C1,03,대구,대구교통공사,1호선,7,False,S2701,0121,S2701|0121,월촌
SL_1500AD3823C1,03,대구,대구교통공사,1호선,8,False,S2701,0122,S2701|0122,송현
SL_1500AD3823C1,03,대구,대구교통공사,1호선,9,False,S2701,0123,S2701|0123,서부정류장(관문시장)
SL_1500AD3823C1,03,대구,대구교통공사,1호선,10,False,S2701,0124,S2701|0124,대명
SL_1500AD3823C1,03,대구,대구교통공사,1호선,11,False,S2701,0125,S2701|0125,안지랑
SL_1500AD3823C1,03,대구,대구교통공사,1호선,12,False,S2701,0126,S2701|0126,현충로
SL_1500AD3823C1,03,대구,대구교통공사,1호선,13,False,S2701,0127,S2701|0127,영대병원
SL_1500AD3823C1,03,대구,대구교통공사,1호선,14,False,S2701,0128,S2701|0128,교대
SL_1500AD3823C1,03,대구,대구교통공사,1호선,15,False,S2701,0129,S2701|0129,명덕(2.28민주운동기념회관)
SL_1500AD3823C1,03,대구,대구교통공사,1호선,16,False,S2701,0130,S2701|0130,반월당
SL_1500AD3823C1,03,대구,대구교통공사,1호선,17,False,S2701,0131,S2701|0131,중앙로
SL_1500AD3823C1,03,대구,대구교통공사,1호선,18,False,S2701,0132,S2701|0132,대구역
SL_1500AD3823C1,03,대구,대구교통공사,1호선,19,False,S2701,0133,S2701|0133,칠성시장
SL_1500AD3823C1,03,대구,대구교통공사,1호선,20,False,S2701,0134,S2701|0134,신천(경북대입구)
SL_1500AD3823C1,03,대구,대구교통공사,1호선,21,False,S2701,0135,S2701|0135,동대구역
SL_1500AD3823C1,03,대구,대구교통공사,1호선,22,False,S2701,0136,S2701|0136,동구청(큰고개)
SL_1500AD3823C1,03,대구,대구교통공사,1호선,23,False,S2701,0137,S2701|0137,아양교(대구국제공항입구)
SL_1500AD3823C1,03,대구,대구교통공사,1호선,24,False,S2701,0138,S2701|0138,동촌(동촌유원지)
SL_1500AD3823C1,03,대구,대구교통공사,1호선,25,False,S2701,0139,S2701|0139,해안
SL_1500AD3823C1,03,대구,대구교통공사,1호선,26,False,S2701,0140,S2701|0140,방촌
SL_1500AD3823C1,03,대구,대구교통공사,1호선,27,False,S2701,0141,S2701|0141,용계
SL_1500AD3823C1,03,대구,대구교통공사,1호선,28,False,S2701,0142,S2701|0142,율하
SL_1500AD3823C1,03,대구,대구교통공사,1호선,29,False,S2701,0143,S2701|0143,신기
SL_1500AD3823C1,03,대구,대구교통공사,1호선,30,False,S2701,0144,S2701|0144,반야월
SL_1500AD3823C1,03,대구,대구교통공사,1호선,31,False,S2701,0145,S2701|0145,각산
SL_1500AD3823C1,03,대구,대구교통공사,1호선,32,False,S2701,0146,S2701|0146,안심(혁신도시·첨복단지)
SL_1500AD3823C1,03,대구,대구교통공사,1호선,33,False,S2701,0147,S2701|0147,대구한의대병원
SL_1500AD3823C1,03,대구,대구교통공사,1호선,34,False,S2701,0148,S2701|0148,부호(경일대·호산대)
SL_1500AD3823C1,03,대구,대구교통공사,1호선,35,False,S2701,0149,S2701|0149,하양(대구가톨릭대)
SL_310F3C654984,03,대구,대구교통공사,2호선,1,False,S2702,0216,S2702|0216,문양
SL_310F3C654984,03,대구,대구교통공사,2호선,2,False,S2702,0217,S2702|0217,다사
SL_310F3C654984,03,대구,대구교통공사,2호선,3,False,S2702,0218,S2702|0218,대실
SL_310F3C654984,03,대구,대구교통공사,2호선,4,False,S2702,0219,S2702|0219,강창
SL_310F3C654984,03,대구,대구교통공사,2호선,5,False,S2702,0220,S2702|0220,계명대
SL_310F3C654984,03,대구,대구교통공사,2호선,6,False,S2702,0221,S2702|0221,성서산업단지
SL_310F3C654984,03,대구,대구교통공사,2호선,7,False,S2702,0222,S2702|0222,이곡
SL_310F3C654984,03,대구,대구교통공사,2호선,8,False,S2702,0223,S2702|0223,용산(서부법원․검찰청입구)
SL_310F3C654984,03,대구,대구교통공사,2호선,9,False,S2702,0224,S2702|0224,죽전
SL_310F3C654984,03,대구,대구교통공사,2호선,10,False,S2702,0225,S2702|0225,감삼
SL_310F3C654984,03,대구,대구교통공사,2호선,11,False,S2702,0226,S2702|0226,두류
SL_310F3C654984,03,대구,대구교통공사,2호선,12,False,S2702,0227,S2702|0227,내당
SL_310F3C654984,03,대구,대구교통공사,2호선,13,False,S2702,0228,S2702|0228,반고개
SL_310F3C654984,03,대구,대구교통공사,2호선,14,False,S2702,0229,S2702|0229,청라언덕
SL_310F3C654984,03,대구,대구교통공사,2호선,15,False,S2702,0230,S2702|0230,반월당
SL_310F3C654984,03,대구,대구교통공사,2호선,16,False,S2702,0231,S2702|0231,경대병원
SL_310F3C654984,03,대구,대구교통공사,2호선,17,False,S2702,0232,S2702|0232,대구은행(대구교육청)
SL_310F3C654984,03,대구,대구교통공사,2호선,18,False,S2702,0233,S2702|0233,범어
SL_310F3C654984,03,대구,대구교통공사,2호선,19,False,S2702,0234,S2702|0234,수성구청(KBS)
SL_310F3C654984,03,대구,대구교통공사,2호선,20,False,S2702,0235,S2702|0235,만촌
SL_310F3C654984,03,대구,대구교통공사,2호선,21,False,S2702,0236,S2702|0236,담티(수성대·대륜)
SL_310F3C654984,03,대구,대구교통공사,2호선,22,False,S2702,0237,S2702|0237,연호
SL_310F3C654984,03,대구,대구교통공사,2호선,23,False,S2702,0238,S2702|0238,수성알파시티(삼성라이온즈파크)
SL_310F3C654984,03,대구,대구교통공사,2호선,24,False,S2702,0239,S2702|0239,고산
SL_310F3C654984,03,대구,대구교통공사,2호선,25,False,S2702,0240,S2702|0240,신매
SL_310F3C654984,03,대구,대구교통공사,2호선,26,False,S2702,0241,S2702|0241,사월
SL_310F3C654984,03,대구,대구교통공사,2호선,27,False,S2702,0242,S2702|0242,정평
SL_310F3C654984,03,대구,대구교통공사,2호선,28,False,S2702,0243,S2702|0243,임당
SL_310F3C654984,03,대구,대구교통공사,2호선,29,False,S2702,0244,S2702|0244,영남대
SL_C328BFA28000,03,대구,대구교통공사,3호선,1,False,S2703,0312,S2703|0312,칠곡경대병원
SL_C328BFA28000,03,대구,대구교통공사,3호선,2,False,S2703,0313,S2703|0313,학정
SL_C328BFA28000,03,대구,대구교통공사,3호선,3,False,S2703,0314,S2703|0314,팔거(국립농관원통계청)
SL_C328BFA28000,03,대구,대구교통공사,3호선,4,False,S2703,0315,S2703|0315,동천
SL_C328BFA28000,03,대구,대구교통공사,3호선,5,False,S2703,0316,S2703|0316,칠곡운암
SL_C328BFA28000,03,대구,대구교통공사,3호선,6,False,S2703,0317,S2703|0317,구암(과학대보건대입구)
SL_C328BFA28000,03,대구,대구교통공사,3호선,7,False,S2703,0318,S2703|0318,태전
SL_C328BFA28000,03,대구,대구교통공사,3호선,8,False,S2703,0319,S2703|0319,매천
SL_C328BFA28000,03,대구,대구교통공사,3호선,9,False,S2703,0320,S2703|0320,매천시장
SL_C328BFA28000,03,대구,대구교통공사,3호선,10,False,S2703,0321,S2703|0321,팔달
SL_C328BFA28000,03,대구,대구교통공사,3호선,11,False,S2703,0322,S2703|0322,공단
SL_C328BFA28000,03,대구,대구교통공사,3호선,12,False,S2703,0323,S2703|0323,만평
SL_C328BFA28000,03,대구,대구교통공사,3호선,13,False,S2703,0324,S2703|0324,팔달시장
SL_C328BFA28000,03,대구,대구교통공사,3호선,14,False,S2703,0325,S2703|0325,원대
SL_C328BFA28000,03,대구,대구교통공사,3호선,15,False,S2703,0326,S2703|0326,"북구청
(대구iM뱅크파크)"
SL_C328BFA28000,03,대구,대구교통공사,3호선,16,False,S2703,0327,S2703|0327,달성공원
SL_C328BFA28000,03,대구,대구교통공사,3호선,17,False,S2703,0328,S2703|0328,서문시장(동산병원)
SL_C328BFA28000,03,대구,대구교통공사,3호선,18,False,S2703,0329,S2703|0329,청라언덕(신남)
SL_C328BFA28000,03,대구,대구교통공사,3호선,19,False,S2703,0330,S2703|0330,남산(계명네거리)
SL_C328BFA28000,03,대구,대구교통공사,3호선,20,False,S2703,0331,S2703|0331,명덕(2·28민주운동기념회관)
SL_C328BFA28000,03,대구,대구교통공사,3호선,21,False,S2703,0332,S2703|0332,건들바위
SL_C328BFA28000,03,대구,대구교통공사,3호선,22,False,S2703,0333,S2703|0333,대봉교
SL_C328BFA28000,03,대구,대구교통공사,3호선,23,False,S2703,0334,S2703|0334,수성시장
SL_C328BFA28000,03,대구,대구교통공사,3호선,24,False,S2703,0335,S2703|0335,수성구민운동장
SL_C328BFA28000,03,대구,대구교통공사,3호선,25,False,S2703,0336,S2703|0336,어린이세상
SL_C328BFA28000,03,대구,대구교통공사,3호선,26,False,S2703,0337,S2703|0337,황금
SL_C328BFA28000,03,대구,대구교통공사,3호선,27,False,S2703,0338,S2703|0338,수성못(TBC)
SL_C328BFA28000,03,대구,대구교통공사,3호선,28,False,S2703,0339,S2703|0339,지산
SL_C328BFA28000,03,대구,대구교통공사,3호선,29,False,S2703,0340,S2703|0340,범물
SL_C328BFA28000,03,대구,대구교통공사,3호선,30,False,S2703,0341,S2703|0341,용지
SL_035A73FB3875,05,대전,대전교통공사,1호선,1,False,S3001,101,S3001|101,판암
SL_035A73FB3875,05,대전,대전교통공사,1호선,2,False,S3001,102,S3001|102,신흥
SL_035A73FB3875,05,대전,대전교통공사,1호선,3,False,S3001,103,S3001|103,대동
SL_035A73FB3875,05,대전,대전교통공사,1호선,4,False,S3001,104,S3001|104,대전
SL_035A73FB3875,05,대전,대전교통공사,1호선,5,False,S3001,105,S3001|105,중앙로
SL_035A73FB3875,05,대전,대전교통공사,1호선,6,False,S3001,106,S3001|106,중구청
SL_035A73FB3875,05,대전,대전교통공사,1호선,7,False,S3001,107,S3001|107,서대전네거리
SL_035A73FB3875,05,대전,대전교통공사,1호선,8,False,S3001,108,S3001|108,오룡
SL_035A73FB3875,05,대전,대전교통공사,1호선,9,False,S3001,109,S3001|109,용문
SL_035A73FB3875,05,대전,대전교통공사,1호선,10,False,S3001,110,S3001|110,탄방
SL_035A73FB3875,05,대전,대전교통공사,1호선,11,False,S3001,111,S3001|111,시청
SL_035A73FB3875,05,대전,대전교통공사,1호선,12,False,S3001,112,S3001|112,정부청사
SL_035A73FB3875,05,대전,대전교통공사,1호선,13,False,S3001,113,S3001|113,갈마
SL_035A73FB3875,05,대전,대전교통공사,1호선,14,False,S3001,114,S3001|114,월평
SL_035A73FB3875,05,대전,대전교통공사,1호선,15,False,S3001,115,S3001|115,갑천
SL_035A73FB3875,05,대전,대전교통공사,1호선,16,False,S3001,116,S3001|116,유성온천
SL_035A73FB3875,05,대전,대전교통공사,1호선,17,False,S3001,117,S3001|117,구암
SL_035A73FB3875,05,대전,대전교통공사,1호선,18,False,S3001,118,S3001|118,현충원
SL_035A73FB3875,05,대전,대전교통공사,1호선,19,False,S3001,119,S3001|119,월드컵경기장
SL_035A73FB3875,05,대전,대전교통공사,1호선,20,False,S3001,120,S3001|120,노은
SL_035A73FB3875,05,대전,대전교통공사,1호선,21,False,S3001,121,S3001|121,지족
SL_035A73FB3875,05,대전,대전교통공사,1호선,22,False,S3001,122,S3001|122,반석
SL_A91483BC5A01,01,수도권,네오트랜스주식회사,신분당,1,False,I11D1,D004,I11D1|D004,신사
SL_A91483BC5A01,01,수도권,네오트랜스주식회사,신분당,2,False,I11D1,D005,I11D1|D005,논현
SL_A91483BC5A01,01,수도권,네오트랜스주식회사,신분당,3,False,I11D1,D006,I11D1|D006,신논현
SL_A91483BC5A01,01,수도권,네오트랜스주식회사,신분당,4,False,I11D1,D007,I11D1|D007,강남
SL_A91483BC5A01,01,수도권,네오트랜스주식회사,신분당,5,False,I11D1,D008,I11D1|D008,양재(서초구청)
SL_A91483BC5A01,01,수도권,네오트랜스주식회사,신분당,6,False,I11D1,D009,I11D1|D009,양재시민의숲(매헌)
SL_A91483BC5A01,01,수도권,네오트랜스주식회사,신분당,7,False,I11D1,D010,I11D1|D010,청계산입구
SL_A91483BC5A01,01,수도권,네오트랜스주식회사,신분당,8,False,I11D1,D011,I11D1|D011,판교
SL_A91483BC5A01,01,수도권,네오트랜스주식회사,신분당,9,False,I11D1,D012,I11D1|D012,정자
SL_A91483BC5A01,01,수도권,네오트랜스주식회사,신분당,10,False,I11D1,D013,I11D1|D013,미금
SL_A91483BC5A01,01,수도권,네오트랜스주식회사,신분당,11,False,I11D1,D014,I11D1|D014,동천
SL_A91483BC5A01,01,수도권,네오트랜스주식회사,신분당,12,False,I11D1,D015,I11D1|D015,수지구청
SL_A91483BC5A01,01,수도권,네오트랜스주식회사,신분당,13,False,I11D1,D016,I11D1|D016,성복
SL_A91483BC5A01,01,수도권,네오트랜스주식회사,신분당,14,False,I11D1,D017,I11D1|D017,상현
SL_A91483BC5A01,01,수도권,네오트랜스주식회사,신분당,15,False,I11D1,D018,I11D1|D018,광교중앙(아주대)
SL_A91483BC5A01,01,수도권,네오트랜스주식회사,신분당,16,False,I11D1,D019,I11D1|D019,광교(경기대)
SL_1255E0D773FD,01,수도권,용인경량전철주식회사,에버라인,1,False,L41E1,Y110,L41E1|Y110,기흥(백남준아트센터)
SL_1255E0D773FD,01,수도권,용인경량전철주식회사,에버라인,2,False,L41E1,Y111,L41E1|Y111,강남대
SL_1255E0D773FD,01,수도권,용인경량전철주식회사,에버라인,3,False,L41E1,Y112,L41E1|Y112,지석
SL_1255E0D773FD,01,수도권,용인경량전철주식회사,에버라인,4,False,L41E1,Y113,L41E1|Y113,어정
SL_1255E0D773FD,01,수도권,용인경량전철주식회사,에버라인,5,False,L41E1,Y114,L41E1|Y114,동백(용인세브란스)
SL_1255E0D773FD,01,수도권,용인경량전철주식회사,에버라인,6,False,L41E1,Y115,L41E1|Y115,초당
SL_1255E0D773FD,01,수도권,용인경량전철주식회사,에버라인,7,False,L41E1,Y116,L41E1|Y116,삼가
SL_1255E0D773FD,01,수도권,용인경량전철주식회사,에버라인,8,False,L41E1,Y117,L41E1|Y117,시청·용인대
SL_1255E0D773FD,01,수도권,용인경량전철주식회사,에버라인,9,False,L41E1,Y118,L41E1|Y118,명지대
SL_1255E0D773FD,01,수도권,용인경량전철주식회사,에버라인,10,False,L41E1,Y119,L41E1|Y119,김량장
SL_1255E0D773FD,01,수도권,용인경량전철주식회사,에버라인,12,False,L41E1,Y121,L41E1|Y121,고진
SL_1255E0D773FD,01,수도권,용인경량전철주식회사,에버라인,13,False,L41E1,Y122,L41E1|Y122,보평
SL_1255E0D773FD,01,수도권,용인경량전철주식회사,에버라인,14,False,L41E1,Y123,L41E1|Y123,둔전
SL_1255E0D773FD,01,수도권,용인경량전철주식회사,에버라인,15,False,L41E1,Y124,L41E1|Y124,전대·에버랜드
SL_161E0D8970EF,04,광주,광주교통공사,1호선,1,False,S2901,100,S2901|100,녹동
SL_161E0D8970EF,04,광주,광주교통공사,1호선,2,False,S2901,101,S2901|101,소태
SL_161E0D8970EF,04,광주,광주교통공사,1호선,3,False,S2901,102,S2901|102,학동증심사입구
SL_161E0D8970EF,04,광주,광주교통공사,1호선,4,False,S2901,103,S2901|103,남광주
SL_161E0D8970EF,04,광주,광주교통공사,1호선,5,False,S2901,104,S2901|104,문화전당(구도청)
SL_161E0D8970EF,04,광주,광주교통공사,1호선,6,False,S2901,105,S2901|105,금남로4가
SL_161E0D8970EF,04,광주,광주교통공사,1호선,7,False,S2901,106,S2901|106,금남로5가
SL_161E0D8970EF,04,광주,광주교통공사,1호선,8,False,S2901,107,S2901|107,양동시장
SL_161E0D8970EF,04,광주,광주교통공사,1호선,9,False,S2901,108,S2901|108,돌고개
SL_161E0D8970EF,04,광주,광주교통공사,1호선,10,False,S2901,109,S2901|109,농성
SL_161E0D8970EF,04,광주,광주교통공사,1호선,11,False,S2901,110,S2901|110,화정
SL_161E0D8970EF,04,광주,광주교통공사,1호선,12,False,S2901,111,S2901|111,쌍촌
SL_161E0D8970EF,04,광주,광주교통공사,1호선,13,False,S2901,112,S2901|112,운천
SL_161E0D8970EF,04,광주,광주교통공사,1호선,14,False,S2901,113,S2901|113,상무
SL_161E0D8970EF,04,광주,광주교통공사,1호선,15,False,S2901,114,S2901|114,김대중컨벤션센터(마륵)
SL_161E0D8970EF,04,광주,광주교통공사,1호선,16,False,S2901,115,S2901|115,공항
SL_161E0D8970EF,04,광주,광주교통공사,1호선,17,False,S2901,116,S2901|116,송정공원
SL_161E0D8970EF,04,광주,광주교통공사,1호선,18,False,S2901,117,S2901|117,광주송정역
SL_161E0D8970EF,04,광주,광주교통공사,1호선,19,False,S2901,118,S2901|118,도산
SL_161E0D8970EF,04,광주,광주교통공사,1호선,20,False,S2901,119,S2901|119,평동
SL_93451329FB01,01,수도권,김포골드라인운영주식회사,김포골드라인,1,False,L41G1,G100,L41G1|G100,양촌역
SL_93451329FB01,01,수도권,김포골드라인운영주식회사,김포골드라인,2,False,L41G1,G101,L41G1|G101,구래역
SL_93451329FB01,01,수도권,김포골드라인운영주식회사,김포골드라인,3,False,L41G1,G102,L41G1|G102,마산역
SL_93451329FB01,01,수도권,김포골드라인운영주식회사,김포골드라인,4,False,L41G1,G103,L41G1|G103,장기역
SL_93451329FB01,01,수도권,김포골드라인운영주식회사,김포골드라인,5,False,L41G1,G104,L41G1|G104,운양역
SL_93451329FB01,01,수도권,김포골드라인운영주식회사,김포골드라인,6,False,L41G1,G105,L41G1|G105,걸포북변역
SL_93451329FB01,01,수도권,김포골드라인운영주식회사,김포골드라인,7,False,L41G1,G106,L41G1|G106,사우역
SL_93451329FB01,01,수도권,김포골드라인운영주식회사,김포골드라인,8,False,L41G1,G107,L41G1|G107,풍무역
SL_93451329FB01,01,수도권,김포골드라인운영주식회사,김포골드라인,9,False,L41G1,G108,L41G1|G108,고촌역
SL_93451329FB01,01,수도권,김포골드라인운영주식회사,김포골드라인,10,False,L41G1,G109,L41G1|G109,김포공항역
SL_A1B6A200F49C,01,수도권,구리도시공사,8호선,3,False,S1108,806,S1108|806,동구릉
SL_A1B6A200F49C,01,수도권,구리도시공사,8호선,4,False,S1108,807,S1108|807,구리(구리전통시장)
SL_A1B6A200F49C,01,수도권,구리도시공사,8호선,5,False,S1108,808,S1108|808,장자호수공원
SL_FA5E9BDA394E,01,수도권,지티엑스에이운영,GTX-A,2,False,I41K5,1512,I41K5|1512,성남역
SL_FA5E9BDA394E,01,수도권,지티엑스에이운영,GTX-A,3,False,I4105,1863,I4105|1863,구성역
SL_3C81D7F0F6F6,01,수도권,인천국제공항공사,자기부상,1,False,I28A1,A10,I28A1|A10,인천공항1터미널
SL_3C81D7F0F6F6,01,수도권,인천국제공항공사,자기부상,2,False,S28M1,102,S28M1|102,장기주차장역
SL_3C81D7F0F6F6,01,수도권,인천국제공항공사,자기부상,3,False,S28M1,103,S28M1|103,합동청사역
SL_3C81D7F0F6F6,01,수도권,인천국제공항공사,자기부상,4,False,S28M1,104,S28M1|104,파라다이스시티역
SL_3C81D7F0F6F6,01,수도권,인천국제공항공사,자기부상,5,False,S28M1,105,S28M1|105,워터파크역
SL_3C81D7F0F6F6,01,수도권,인천국제공항공사,자기부상,6,False,S28M1,106,S28M1|106,용유역
SL_DB8963F0C9FE,01,수도권,인천교통공사,7호선,43,False,S1107,3753,S1107|3753,까치울
SL_DB8963F0C9FE,01,수도권,인천교통공사,7호선,44,False,S1107,3754,S1107|3754,부천종합운동장
SL_DB8963F0C9FE,01,수도권,인천교통공사,7호선,45,False,S1107,3755,S1107|3755,춘의
SL_DB8963F0C9FE,01,수도권,인천교통공사,7호선,46,False,S1107,3756,S1107|3756,신중동
SL_DB8963F0C9FE,01,수도권,인천교통공사,7호선,47,False,S1107,3757,S1107|3757,부천시청
SL_DB8963F0C9FE,01,수도권,인천교통공사,7호선,48,False,S1107,3758,S1107|3758,상동
SL_DB8963F0C9FE,01,수도권,인천교통공사,7호선,49,False,S1107,3759,S1107|3759,삼산체육관
SL_DB8963F0C9FE,01,수도권,인천교통공사,7호선,50,False,S1107,3760,S1107|3760,굴포천
SL_DB8963F0C9FE,01,수도권,인천교통공사,7호선,51,False,S1107,3761,S1107|3761,부평구청
SL_DB8963F0C9FE,01,수도권,인천교통공사,7호선,52,False,S1107,3762,S1107|3762,산곡
SL_DB8963F0C9FE,01,수도권,인천교통공사,7호선,53,False,S1107,3763,S1107|3763,석남(거북시장)
SL_B67F73F93391,01,수도권,인천교통공사,인천1호선,11,False,S2801,3110,S2801|3110,계양
SL_B67F73F93391,01,수도권,인천교통공사,인천1호선,12,False,S2801,3111,S2801|3111,귤현
SL_B67F73F93391,01,수도권,인천교통공사,인천1호선,13,False,S2801,3112,S2801|3112,박촌
SL_B67F73F93391,01,수도권,인천교통공사,인천1호선,14,False,S2801,3113,S2801|3113,임학
SL_B67F73F93391,01,수도권,인천교통공사,인천1호선,15,False,S2801,3114,S2801|3114,계산
SL_B67F73F93391,01,수도권,인천교통공사,인천1호선,16,False,S2801,3115,S2801|3115,경인교대입구
SL_B67F73F93391,01,수도권,인천교통공사,인천1호선,17,False,S2801,3116,S2801|3116,작전
SL_B67F73F93391,01,수도권,인천교통공사,인천1호선,18,False,S2801,3117,S2801|3117,갈산
SL_B67F73F93391,01,수도권,인천교통공사,인천1호선,20,False,S2801,3119,S2801|3119,부평시장
SL_B67F73F93391,01,수도권,인천교통공사,인천1호선,21,False,S2801,3120,S2801|3120,부평
SL_B67F73F93391,01,수도권,인천교통공사,인천1호선,22,False,S2801,3121,S2801|3121,동수
SL_B67F73F93391,01,수도권,인천교통공사,인천1호선,23,False,S2801,3122,S2801|3122,부평삼거리
SL_B67F73F93391,01,수도권,인천교통공사,인천1호선,24,False,S2801,3123,S2801|3123,간석오거리
SL_B67F73F93391,01,수도권,인천교통공사,인천1호선,26,False,S2801,3125,S2801|3125,예술회관
SL_B67F73F93391,01,수도권,인천교통공사,인천1호선,27,False,S2801,3126,S2801|3126,인천터미널
SL_B67F73F93391,01,수도권,인천교통공사,인천1호선,28,False,S2801,3127,S2801|3127,문학경기장
SL_B67F73F93391,01,수도권,인천교통공사,인천1호선,29,False,S2801,3128,S2801|3128,선학
SL_B67F73F93391,01,수도권,인천교통공사,인천1호선,30,False,S2801,3129,S2801|3129,신연수
SL_B67F73F93391,01,수도권,인천교통공사,인천1호선,31,False,S2801,3130,S2801|3130,원인재
SL_B67F73F93391,01,수도권,인천교통공사,인천1호선,32,False,S2801,3131,S2801|3131,동춘
SL_B67F73F93391,01,수도권,인천교통공사,인천1호선,33,False,S2801,3132,S2801|3132,동막
SL_B67F73F93391,01,수도권,인천교통공사,인천1호선,34,False,S2801,3133,S2801|3133,캠퍼스타운
SL_B67F73F93391,01,수도권,인천교통공사,인천1호선,35,False,S2801,3134,S2801|3134,테크노파크
SL_B67F73F93391,01,수도권,인천교통공사,인천1호선,36,False,S2801,3135,S2801|3135,지식정보단지
SL_B67F73F93391,01,수도권,인천교통공사,인천1호선,37,False,S2801,3136,S2801|3136,인천대입구
SL_B67F73F93391,01,수도권,인천교통공사,인천1호선,38,False,S2801,3137,S2801|3137,센트럴파크
SL_B67F73F93391,01,수도권,인천교통공사,인천1호선,39,False,S2801,3138,S2801|3138,국제업무지구
SL_B67F73F93391,01,수도권,인천교통공사,인천1호선,40,False,S2801,3139,S2801|3139,송도달빛축제공원
SL_4D8C08B5A4F1,01,수도권,인천교통공사,인천2호선,1,False,S2802,3201,S2802|3201,검단오류
SL_4D8C08B5A4F1,01,수도권,인천교통공사,인천2호선,2,False,S2802,3202,S2802|3202,왕길
SL_4D8C08B5A4F1,01,수도권,인천교통공사,인천2호선,3,False,S2802,3203,S2802|3203,검단사거리
SL_4D8C08B5A4F1,01,수도권,인천교통공사,인천2호선,4,False,S2802,3204,S2802|3204,마전
SL_4D8C08B5A4F1,01,수도권,인천교통공사,인천2호선,5,False,S2802,3205,S2802|3205,완정
SL_4D8C08B5A4F1,01,수도권,인천교통공사,인천2호선,6,False,S2802,3206,S2802|3206,독정
SL_4D8C08B5A4F1,01,수도권,인천교통공사,인천2호선,7,False,S2802,3207,S2802|3207,검암
SL_4D8C08B5A4F1,01,수도권,인천교통공사,인천2호선,8,False,S2802,3208,S2802|3208,검바위
SL_4D8C08B5A4F1,01,수도권,인천교통공사,인천2호선,9,False,S2802,3209,S2802|3209,아시아드경기장
SL_4D8C08B5A4F1,01,수도권,인천교통공사,인천2호선,10,False,S2802,3210,S2802|3210,서구청
SL_4D8C08B5A4F1,01,수도권,인천교통공사,인천2호선,11,False,S2802,3211,S2802|3211,가정(루원시티)
SL_4D8C08B5A4F1,01,수도권,인천교통공사,인천2호선,12,False,S2802,3212,S2802|3212,가정중앙시장
SL_4D8C08B5A4F1,01,수도권,인천교통공사,인천2호선,14,False,S2802,3214,S2802|3214,서부여성회관
SL_4D8C08B5A4F1,01,수도권,인천교통공사,인천2호선,15,False,S2802,3215,S2802|3215,인천가좌
SL_4D8C08B5A4F1,01,수도권,인천교통공사,인천2호선,16,False,S2802,3216,S2802|3216,가재울
SL_4D8C08B5A4F1,01,수도권,인천교통공사,인천2호선,17,False,S2802,3217,S2802|3217,주안국가산단
SL_4D8C08B5A4F1,01,수도권,인천교통공사,인천2호선,18,False,S2802,3218,S2802|3218,주안
SL_4D8C08B5A4F1,01,수도권,인천교통공사,인천2호선,19,False,S2802,3219,S2802|3219,시민공원
SL_4D8C08B5A4F1,01,수도권,인천교통공사,인천2호선,20,False,S2802,3220,S2802|3220,석바위시장
SL_4D8C08B5A4F1,01,수도권,인천교통공사,인천2호선,22,False,S2802,3222,S2802|3222,석천사거리
SL_4D8C08B5A4F1,01,수도권,인천교통공사,인천2호선,23,False,S2802,3223,S2802|3223,모래내시장
SL_4D8C08B5A4F1,01,수도권,인천교통공사,인천2호선,24,False,S2802,3224,S2802|3224,만수
SL_4D8C08B5A4F1,01,수도권,인천교통공사,인천2호선,25,False,S2802,3225,S2802|3225,남동구청
SL_4D8C08B5A4F1,01,수도권,인천교통공사,인천2호선,26,False,S2802,3226,S2802|3226,인천대공원
SL_4D8C08B5A4F1,01,수도권,인천교통공사,인천2호선,27,False,S2802,3227,S2802|3227,운연
SL_9466C01B2356,01,수도권,코레일,1호선,1,False,I4102,1919,I4102|1919,연천역
SL_9466C01B2356,01,수도권,코레일,1호선,2,False,I4102,1918,I4102|1918,전곡역
SL_9466C01B2356,01,수도권,코레일,1호선,3,False,I4102,1917,I4102|1917,청산역
SL_9466C01B2356,01,수도권,코레일,1호선,4,False,I4102,1916,I4102|1916,소요산역
SL_9466C01B2356,01,수도권,코레일,1호선,5,False,I4102,1915,I4102|1915,동두천역
SL_9466C01B2356,01,수도권,코레일,1호선,6,False,I4102,1914,I4102|1914,보산역
SL_9466C01B2356,01,수도권,코레일,1호선,7,False,I4102,1913,I4102|1913,동두천중앙역
SL_9466C01B2356,01,수도권,코레일,1호선,8,False,I4102,1912,I4102|1912,지행역
SL_9466C01B2356,01,수도권,코레일,1호선,9,False,I4102,1911,I4102|1911,덕정역
SL_9466C01B2356,01,수도권,코레일,1호선,10,False,I4102,1910,I4102|1910,덕계역
SL_9466C01B2356,01,수도권,코레일,1호선,11,False,I4102,1909,I4102|1909,양주역
SL_9466C01B2356,01,수도권,코레일,1호선,12,False,I4102,1908,I4102|1908,녹양역
SL_9466C01B2356,01,수도권,코레일,1호선,13,False,I4102,1907,I4102|1907,가능역
SL_9466C01B2356,01,수도권,코레일,1호선,14,False,I4102,1906,I4102|1906,의정부역
SL_9466C01B2356,01,수도권,코레일,1호선,15,False,I4102,1905,I4102|1905,회룡역
SL_9466C01B2356,01,수도권,코레일,1호선,16,False,I4102,1904,I4102|1904,망월사역
SL_9466C01B2356,01,수도권,코레일,1호선,17,False,I4102,1903,I4102|1903,도봉산역
SL_9466C01B2356,01,수도권,코레일,1호선,18,False,I4102,1902,I4102|1902,도봉역
SL_9466C01B2356,01,수도권,코레일,1호선,19,False,I4102,1901,I4102|1901,방학역
SL_9466C01B2356,01,수도권,코레일,1호선,20,False,I4102,1022,I4102|1022,창동역
SL_9466C01B2356,01,수도권,코레일,1호선,21,False,I4102,1021,I4102|1021,녹천역
SL_9466C01B2356,01,수도권,코레일,1호선,22,False,I4102,1020,I4102|1020,월계역
SL_9466C01B2356,01,수도권,코레일,1호선,24,False,I4102,1018,I4102|1018,석계역
SL_9466C01B2356,01,수도권,코레일,1호선,25,False,I4102,1017,I4102|1017,신이문역
SL_9466C01B2356,01,수도권,코레일,1호선,26,False,I4102,1016,I4102|1016,외대앞역
SL_9466C01B2356,01,수도권,코레일,1호선,38,False,I4101,1002,I4101|1002,남영역
SL_9466C01B2356,01,수도권,코레일,1호선,40,False,I4101,1004,I4101|1004,노량진역
SL_9466C01B2356,01,수도권,코레일,1호선,41,False,I4101,1005,I4101|1005,대방역
SL_9466C01B2356,01,수도권,코레일,1호선,42,False,I4101,1032,I4101|1032,신길역
SL_9466C01B2356,01,수도권,코레일,1호선,43,False,I4101,1006,I4101|1006,영등포역
SL_9466C01B2356,01,수도권,코레일,1호선,44,False,I4101,1007,I4101|1007,신도림역
SL_9466C01B2356,01,수도권,코레일,1호선,45,False,I4101,1701,I4101|1701,구로역
SL_9466C01B2356,01,수도권,코레일,1호선,46,True,I4101,1702,I4101|1702,가산디지털단지역
SL_9466C01B2356,01,수도권,코레일,1호선,46,True,I1101,1813,I1101|1813,구일역
SL_9466C01B2356,01,수도권,코레일,1호선,47,True,I1101,1801,I1101|1801,개봉역
SL_9466C01B2356,01,수도권,코레일,1호선,47,True,I4101,1714,I4101|1714,독산역
SL_9466C01B2356,01,수도권,코레일,1호선,48,True,I4101,1703,I4101|1703,금천구청역
SL_9466C01B2356,01,수도권,코레일,1호선,48,True,I1101,1802,I1101|1802,오류동역
SL_9466C01B2356,01,수도권,코레일,1호선,49,True,I4101,1750,I4101|1750,광명역
SL_9466C01B2356,01,수도권,코레일,1호선,49,True,I4101,1704,I4101|1704,석수역
SL_9466C01B2356,01,수도권,코레일,1호선,49,True,I1101,1821,I1101|1821,온수역
SL_9466C01B2356,01,수도권,코레일,1호선,50,True,I4101,1705,I4101|1705,관악역
SL_9466C01B2356,01,수도권,코레일,1호선,50,True,I1101,1803,I1101|1803,역곡역
SL_9466C01B2356,01,수도권,코레일,1호선,51,True,I4101,1706,I4101|1706,안양역
SL_9466C01B2356,01,수도권,코레일,1호선,52,True,I4101,1707,I4101|1707,명학역
SL_9466C01B2356,01,수도권,코레일,1호선,52,True,I1101,1804,I1101|1804,부천역
SL_9466C01B2356,01,수도권,코레일,1호선,53,True,I1101,1822,I1101|1822,중동역
SL_9466C01B2356,01,수도권,코레일,1호선,54,True,I4101,1709,I4101|1709,군포역
SL_9466C01B2356,01,수도권,코레일,1호선,54,True,I1101,1805,I1101|1805,송내역
SL_9466C01B2356,01,수도권,코레일,1호선,55,True,I4101,1729,I4101|1729,당정역
SL_9466C01B2356,01,수도권,코레일,1호선,55,True,I1101,1815,I1101|1815,부개역
SL_9466C01B2356,01,수도권,코레일,1호선,56,True,I1101,1806,I1101|1806,부평역
SL_9466C01B2356,01,수도권,코레일,1호선,56,True,I4101,1710,I4101|1710,의왕역
SL_9466C01B2356,01,수도권,코레일,1호선,57,True,I1101,1807,I1101|1807,백운역
SL_9466C01B2356,01,수도권,코레일,1호선,57,True,I4101,1711,I4101|1711,성균관대역
SL_9466C01B2356,01,수도권,코레일,1호선,58,True,I1101,1808,I1101|1808,동암역
SL_9466C01B2356,01,수도권,코레일,1호선,58,True,I4101,1712,I4101|1712,화서역
SL_9466C01B2356,01,수도권,코레일,1호선,59,True,I1101,1816,I1101|1816,간석역
SL_9466C01B2356,01,수도권,코레일,1호선,59,True,I4101,1713,I4101|1713,수원역
SL_9466C01B2356,01,수도권,코레일,1호선,60,True,I4101,1715,I4101|1715,세류역
SL_9466C01B2356,01,수도권,코레일,1호선,61,True,I1101,1823,I1101|1823,도화역
SL_9466C01B2356,01,수도권,코레일,1호선,61,True,I4101,1716,I4101|1716,병점역
SL_9466C01B2356,01,수도권,코레일,1호선,62,True,I4101,1749,I4101|1749,서동탄역
SL_9466C01B2356,01,수도권,코레일,1호선,62,True,I4101,1717,I4101|1717,세마역
SL_9466C01B2356,01,수도권,코레일,1호선,62,True,I1101,1810,I1101|1810,제물포역
SL_9466C01B2356,01,수도권,코레일,1호선,63,True,I1101,1817,I1101|1817,도원역
SL_9466C01B2356,01,수도권,코레일,1호선,63,True,I4101,1718,I4101|1718,오산대역
SL_9466C01B2356,01,수도권,코레일,1호선,64,True,I1101,1811,I1101|1811,동인천역
SL_9466C01B2356,01,수도권,코레일,1호선,64,True,I4101,1719,I4101|1719,오산역
SL_9466C01B2356,01,수도권,코레일,1호선,65,True,I4101,1720,I4101|1720,진위역
SL_9466C01B2356,01,수도권,코레일,1호선,66,False,I4101,1721,I4101|1721,송탄역
SL_9466C01B2356,01,수도권,코레일,1호선,67,False,I4101,1722,I4101|1722,서정리역
SL_9466C01B2356,01,수도권,코레일,1호선,68,False,I4101,1723,I4101|1723,평택지제역
SL_9466C01B2356,01,수도권,코레일,1호선,69,False,I4101,1724,I4101|1724,평택역
SL_9466C01B2356,01,수도권,코레일,1호선,70,False,I4101,1725,I4101|1725,성환역
SL_9466C01B2356,01,수도권,코레일,1호선,71,False,I4101,1726,I4101|1726,직산역
SL_9466C01B2356,01,수도권,코레일,1호선,72,False,I4101,1727,I4101|1727,두정역
SL_9466C01B2356,01,수도권,코레일,1호선,73,False,I4401,1728,I4401|1728,천안역
SL_9466C01B2356,01,수도권,코레일,1호선,74,False,I4401,1401,I4401|1401,봉명역
SL_9466C01B2356,01,수도권,코레일,1호선,75,False,I4401,1402,I4401|1402,쌍용(나사렛대)역
SL_9466C01B2356,01,수도권,코레일,1호선,76,False,I4401,1403,I4401|1403,아산역
SL_9466C01B2356,01,수도권,코레일,1호선,77,False,I4401,1404,I4401|1404,탕정역
SL_9466C01B2356,01,수도권,코레일,1호선,78,False,I4401,1405,I4401|1405,배방역
SL_9466C01B2356,01,수도권,코레일,1호선,79,False,I4401,1407,I4401|1407,온양온천역
SL_9466C01B2356,01,수도권,코레일,1호선,80,False,I4401,1408,I4401|1408,신창(순천향대)역
SL_851213B20C86,01,수도권,코레일,3호선,1,False,I4106,1958,I4106|1958,대화역
SL_851213B20C86,01,수도권,코레일,3호선,2,False,I4106,1957,I4106|1957,주엽역
SL_851213B20C86,01,수도권,코레일,3호선,3,False,I4106,1956,I4106|1956,정발산역
SL_851213B20C86,01,수도권,코레일,3호선,4,False,I4106,1955,I4106|1955,마두역
SL_851213B20C86,01,수도권,코레일,3호선,5,False,I4106,1954,I4106|1954,백석역
SL_851213B20C86,01,수도권,코레일,3호선,7,False,I4106,1952,I4106|1952,화정역
SL_851213B20C86,01,수도권,코레일,3호선,8,False,I4106,1951,I4106|1951,원당역
SL_851213B20C86,01,수도권,코레일,3호선,9,False,I4106,1948,I4106|1948,원흥역
SL_851213B20C86,01,수도권,코레일,3호선,10,False,I4106,1950,I4106|1950,삼송역
SL_AA31BBF870D0,01,수도권,코레일,4호선,30,False,I4103,1450,I4103|1450,선바위역
SL_AA31BBF870D0,01,수도권,코레일,4호선,31,False,I4103,1451,I4103|1451,경마공원역
SL_AA31BBF870D0,01,수도권,코레일,4호선,32,False,I4103,1452,I4103|1452,대공원역
SL_AA31BBF870D0,01,수도권,코레일,4호선,33,False,I4103,1453,I4103|1453,과천역
SL_AA31BBF870D0,01,수도권,코레일,4호선,34,False,I4103,1454,I4103|1454,정부과천청사역
SL_AA31BBF870D0,01,수도권,코레일,4호선,35,False,I4103,1455,I4103|1455,인덕원역
SL_AA31BBF870D0,01,수도권,코레일,4호선,36,False,I4103,1456,I4103|1456,평촌역
SL_AA31BBF870D0,01,수도권,코레일,4호선,37,False,I4103,1457,I4103|1457,범계역
SL_AA31BBF870D0,01,수도권,코레일,4호선,39,False,I4103,1751,I4103|1751,산본역
SL_AA31BBF870D0,01,수도권,코레일,4호선,40,False,I4103,1763,I4103|1763,수리산역
SL_AA31BBF870D0,01,수도권,코레일,4호선,41,False,I4103,1752,I4103|1752,대야미역
SL_AA31BBF870D0,01,수도권,코레일,4호선,42,False,I4103,1753,I4103|1753,반월역
SL_AA31BBF870D0,01,수도권,코레일,4호선,43,False,I4103,1754,I4103|1754,상록수역
SL_5287D3BFAFEF,01,수도권,코레일,수인분당,3,False,I4105,1847,I4105|1847,서울숲역
SL_5287D3BFAFEF,01,수도권,코레일,수인분당,4,False,I4105,1848,I4105|1848,압구정로데오역
SL_5287D3BFAFEF,01,수도권,코레일,수인분당,5,False,I4105,1849,I4105|1849,강남구청역
SL_5287D3BFAFEF,01,수도권,코레일,수인분당,6,False,I4105,1850,I4105|1850,선정릉역
SL_5287D3BFAFEF,01,수도권,코레일,수인분당,7,False,I4105,1023,I4105|1023,선릉역
SL_5287D3BFAFEF,01,수도권,코레일,수인분당,8,False,I4105,1024,I4105|1024,한티역
SL_5287D3BFAFEF,01,수도권,코레일,수인분당,9,False,I4105,1025,I4105|1025,도곡역
SL_5287D3BFAFEF,01,수도권,코레일,수인분당,10,False,I4105,1026,I4105|1026,구룡역
SL_5287D3BFAFEF,01,수도권,코레일,수인분당,11,False,I4105,1027,I4105|1027,개포동역
SL_5287D3BFAFEF,01,수도권,코레일,수인분당,12,False,I4105,1028,I4105|1028,대모산입구역
SL_5287D3BFAFEF,01,수도권,코레일,수인분당,13,False,I4105,1030,I4105|1030,수서역
SL_5287D3BFAFEF,01,수도권,코레일,수인분당,14,False,I4105,1031,I4105|1031,복정역
SL_5287D3BFAFEF,01,수도권,코레일,수인분당,15,False,I4105,1851,I4105|1851,가천대역
SL_5287D3BFAFEF,01,수도권,코레일,수인분당,16,False,I4105,1852,I4105|1852,태평역
SL_5287D3BFAFEF,01,수도권,코레일,수인분당,17,False,I4105,1853,I4105|1853,모란역
SL_5287D3BFAFEF,01,수도권,코레일,수인분당,18,False,I4105,1854,I4105|1854,야탑역
SL_5287D3BFAFEF,01,수도권,코레일,수인분당,20,False,I4105,1855,I4105|1855,서현역
SL_5287D3BFAFEF,01,수도권,코레일,수인분당,21,False,I4105,1856,I4105|1856,수내역
SL_5287D3BFAFEF,01,수도권,코레일,수인분당,22,False,I4105,1857,I4105|1857,정자역
SL_5287D3BFAFEF,01,수도권,코레일,수인분당,23,False,I4105,1858,I4105|1858,미금역
SL_5287D3BFAFEF,01,수도권,코레일,수인분당,24,False,I4105,1859,I4105|1859,오리역
SL_5287D3BFAFEF,01,수도권,코레일,수인분당,25,False,I4105,1862,I4105|1862,죽전역
SL_5287D3BFAFEF,01,수도권,코레일,수인분당,26,False,I4105,1861,I4105|1861,보정역
SL_5287D3BFAFEF,01,수도권,코레일,수인분당,27,False,I4105,1863,I4105|1863,구성역
SL_5287D3BFAFEF,01,수도권,코레일,수인분당,28,False,I4105,1864,I4105|1864,신갈역
SL_5287D3BFAFEF,01,수도권,코레일,수인분당,29,False,I4105,1865,I4105|1865,기흥역
SL_5287D3BFAFEF,01,수도권,코레일,수인분당,30,False,I4105,1866,I4105|1866,상갈역
SL_5287D3BFAFEF,01,수도권,코레일,수인분당,31,False,I4105,1867,I4105|1867,청명역
SL_5287D3BFAFEF,01,수도권,코레일,수인분당,32,False,I4105,1868,I4105|1868,영통역
SL_5287D3BFAFEF,01,수도권,코레일,수인분당,33,False,I4105,1869,I4105|1869,망포역
SL_5287D3BFAFEF,01,수도권,코레일,수인분당,34,False,I4105,1870,I4105|1870,매탄권선역
SL_5287D3BFAFEF,01,수도권,코레일,수인분당,35,False,I4105,1871,I4105|1871,수원시청역
SL_5287D3BFAFEF,01,수도권,코레일,수인분당,36,False,I4105,1872,I4105|1872,매교역
SL_5287D3BFAFEF,01,수도권,코레일,수인분당,37,False,I4101,1713,I4101|1713,수원역
SL_5287D3BFAFEF,01,수도권,코레일,수인분당,38,False,I28K1,1873,I28K1|1873,고색역
SL_5287D3BFAFEF,01,수도권,코레일,수인분당,39,False,I28K1,1874,I28K1|1874,오목천역
SL_5287D3BFAFEF,01,수도권,코레일,수인분당,40,False,I28K1,1875,I28K1|1875,어천역
SL_5287D3BFAFEF,01,수도권,코레일,수인분당,41,False,I28K1,1876,I28K1|1876,야목역
SL_5287D3BFAFEF,01,수도권,코레일,수인분당,42,False,I28K1,1877,I28K1|1877,사리역
SL_5287D3BFAFEF,01,수도권,코레일,수인분당,51,False,I28K1,1878,I28K1|1878,달월역
SL_5287D3BFAFEF,01,수도권,코레일,수인분당,52,False,I28K1,1879,I28K1|1879,월곶역
SL_5287D3BFAFEF,01,수도권,코레일,수인분당,53,False,I28K1,1880,I28K1|1880,소래포구역
SL_5287D3BFAFEF,01,수도권,코레일,수인분당,54,False,I28K1,1881,I28K1|1881,인천논현역
SL_5287D3BFAFEF,01,수도권,코레일,수인분당,55,False,I28K1,1882,I28K1|1882,호구포역
SL_5287D3BFAFEF,01,수도권,코레일,수인분당,56,False,I28K1,1883,I28K1|1883,남동인더스파크역
SL_5287D3BFAFEF,01,수도권,코레일,수인분당,57,False,I28K1,1884,I28K1|1884,원인재역
SL_5287D3BFAFEF,01,수도권,코레일,수인분당,58,False,I28K1,1885,I28K1|1885,연수역
SL_5287D3BFAFEF,01,수도권,코레일,수인분당,59,False,I28K1,1886,I28K1|1886,송도역
SL_5287D3BFAFEF,01,수도권,코레일,수인분당,60,False,I28K1,1888,I28K1|1888,인하대역
SL_5287D3BFAFEF,01,수도권,코레일,수인분당,61,False,I28K1,1889,I28K1|1889,숭의역
SL_5287D3BFAFEF,01,수도권,코레일,수인분당,62,False,I28K1,1890,I28K1|1890,신포역
SL_37E47229122C,01,수도권,코레일,경춘,3,False,I4108,1201,I4108|1201,중랑역
SL_37E47229122C,01,수도권,코레일,경춘,4,False,I4108,1202,I4108|1202,상봉역
SL_37E47229122C,01,수도권,코레일,경춘,5,True,I4108,1019,I4108|1019,광운대역
SL_37E47229122C,01,수도권,코레일,경춘,5,True,I41K2,1203,I41K2|1203,망우역
SL_37E47229122C,01,수도권,코레일,경춘,6,False,I41K2,1311,I41K2|1311,신내역
SL_37E47229122C,01,수도권,코레일,경춘,7,False,I41K2,1312,I41K2|1312,갈매역
SL_37E47229122C,01,수도권,코레일,경춘,8,False,I41K2,1313,I41K2|1313,별내역
SL_37E47229122C,01,수도권,코레일,경춘,9,False,I41K2,1314,I41K2|1314,퇴계원역
SL_37E47229122C,01,수도권,코레일,경춘,10,False,I41K2,1315,I41K2|1315,사릉역
SL_37E47229122C,01,수도권,코레일,경춘,11,False,I41K2,1316,I41K2|1316,금곡역
SL_37E47229122C,01,수도권,코레일,경춘,12,False,I41K2,1317,I41K2|1317,평내호평역
SL_37E47229122C,01,수도권,코레일,경춘,13,False,I41K2,1318,I41K2|1318,천마산역
SL_37E47229122C,01,수도권,코레일,경춘,14,False,I41K2,1319,I41K2|1319,마석역
SL_37E47229122C,01,수도권,코레일,경춘,15,False,I41K2,1320,I41K2|1320,대성리역
SL_37E47229122C,01,수도권,코레일,경춘,16,False,I41K2,1321,I41K2|1321,청평역
SL_37E47229122C,01,수도권,코레일,경춘,17,False,I41K2,1322,I41K2|1322,상천역
SL_37E47229122C,01,수도권,코레일,경춘,18,False,I41K2,1323,I41K2|1323,가평역
SL_37E47229122C,01,수도권,코레일,경춘,19,False,I41K2,1324,I41K2|1324,굴봉산역
SL_37E47229122C,01,수도권,코레일,경춘,20,False,I41K2,1325,I41K2|1325,백양리역
SL_37E47229122C,01,수도권,코레일,경춘,21,False,I41K2,1326,I41K2|1326,강촌역
SL_37E47229122C,01,수도권,코레일,경춘,22,False,I41K2,1327,I41K2|1327,김유정역
SL_37E47229122C,01,수도권,코레일,경춘,23,False,I41K2,1328,I41K2|1328,남춘천역
SL_37E47229122C,01,수도권,코레일,경춘,24,False,I41K2,1329,I41K2|1329,춘천역
SL_D0E7788D279F,01,수도권,코레일,경의중앙,2,False,I4108,1285,I4108|1285,임진강역
SL_D0E7788D279F,01,수도권,코레일,경의중앙,3,False,I4108,1286,I4108|1286,운천역
SL_D0E7788D279F,01,수도권,코레일,경의중앙,4,False,I4108,1284,I4108|1284,문산역
SL_D0E7788D279F,01,수도권,코레일,경의중앙,5,False,I4108,1283,I4108|1283,파주역
SL_D0E7788D279F,01,수도권,코레일,경의중앙,6,False,I4108,1282,I4108|1282,월롱역
SL_D0E7788D279F,01,수도권,코레일,경의중앙,7,False,I4108,1280,I4108|1280,금촌역
SL_D0E7788D279F,01,수도권,코레일,경의중앙,8,False,I4108,1279,I4108|1279,금릉역
SL_D0E7788D279F,01,수도권,코레일,경의중앙,9,False,I4108,1278,I4108|1278,운정역
SL_D0E7788D279F,01,수도권,코레일,경의중앙,10,False,I4108,1277,I4108|1277,야당역
SL_D0E7788D279F,01,수도권,코레일,경의중앙,11,False,I4108,1276,I4108|1276,탄현역
SL_D0E7788D279F,01,수도권,코레일,경의중앙,12,False,I4108,1275,I4108|1275,일산역
SL_D0E7788D279F,01,수도권,코레일,경의중앙,13,False,I4108,1274,I4108|1274,풍산역
SL_D0E7788D279F,01,수도권,코레일,경의중앙,14,False,I4108,1273,I4108|1273,백마역
SL_D0E7788D279F,01,수도권,코레일,경의중앙,15,False,I4108,1272,I4108|1272,곡산역
SL_D0E7788D279F,01,수도권,코레일,경의중앙,16,False,I4108,1953,I4108|1953,대곡역
SL_D0E7788D279F,01,수도권,코레일,경의중앙,17,False,I4108,1271,I4108|1271,능곡역
SL_D0E7788D279F,01,수도권,코레일,경의중앙,18,False,I4108,1270,I4108|1270,행신역
SL_D0E7788D279F,01,수도권,코레일,경의중앙,19,False,I4108,1269,I4108|1269,강매역
SL_D0E7788D279F,01,수도권,코레일,경의중앙,20,False,I4108,1268,I4108|1268,한국항공대
SL_D0E7788D279F,01,수도권,코레일,경의중앙,21,True,I4108,1267,I4108|1267,수색역
SL_D0E7788D279F,01,수도권,코레일,경의중앙,21,True,I4108,1252,I4108|1252,신촌역
SL_D0E7788D279F,01,수도권,코레일,경의중앙,22,True,I4108,1266,I4108|1266,디지털미디어시티역
SL_D0E7788D279F,01,수도권,코레일,경의중앙,23,False,I4108,1265,I4108|1265,가좌역
SL_D0E7788D279F,01,수도권,코레일,경의중앙,24,False,I4108,1264,I4108|1264,홍대입구역
SL_D0E7788D279F,01,수도권,코레일,경의중앙,25,False,I4108,1263,I4108|1263,서강대역
SL_D0E7788D279F,01,수도권,코레일,경의중앙,26,False,I4108,1262,I4108|1262,공덕역
SL_D0E7788D279F,01,수도권,코레일,경의중앙,27,False,I4108,1261,I4108|1261,효창공원앞역
SL_D0E7788D279F,01,수도권,코레일,경의중앙,29,False,I4102,1008,I4102|1008,이촌역
SL_D0E7788D279F,01,수도권,코레일,경의중앙,30,False,I4102,1009,I4102|1009,서빙고역
SL_D0E7788D279F,01,수도권,코레일,경의중앙,31,False,I4102,1010,I4102|1010,한남역
SL_D0E7788D279F,01,수도권,코레일,경의중앙,32,False,I4102,1011,I4102|1011,옥수역
SL_D0E7788D279F,01,수도권,코레일,경의중앙,33,False,I4102,1012,I4102|1012,응봉역
SL_D0E7788D279F,01,수도권,코레일,경의중앙,35,False,I4108,1014,I4108|1014,청량리역
SL_D0E7788D279F,01,수도권,코레일,경의중앙,36,False,I4108,1015,I4108|1015,회기역
SL_D0E7788D279F,01,수도권,코레일,경의중앙,37,False,I4108,1201,I4108|1201,중랑역
SL_D0E7788D279F,01,수도권,코레일,경의중앙,38,False,I4108,1202,I4108|1202,상봉역
SL_D0E7788D279F,01,수도권,코레일,경의중앙,39,False,I4108,1203,I4108|1203,망우역
SL_D0E7788D279F,01,수도권,코레일,경의중앙,40,False,I4108,1204,I4108|1204,양원역
SL_D0E7788D279F,01,수도권,코레일,경의중앙,41,False,I4108,1205,I4108|1205,구리역
SL_D0E7788D279F,01,수도권,코레일,경의중앙,42,False,I4108,1206,I4108|1206,도농역
SL_D0E7788D279F,01,수도권,코레일,경의중앙,43,False,I4108,1207,I4108|1207,양정역
SL_D0E7788D279F,01,수도권,코레일,경의중앙,44,False,I4108,1208,I4108|1208,덕소역
SL_D0E7788D279F,01,수도권,코레일,경의중앙,45,False,I4108,1209,I4108|1209,도심역
SL_D0E7788D279F,01,수도권,코레일,경의중앙,46,False,I4108,1210,I4108|1210,팔당역
SL_D0E7788D279F,01,수도권,코레일,경의중앙,47,False,I4108,1211,I4108|1211,운길산역
SL_D0E7788D279F,01,수도권,코레일,경의중앙,48,False,I4108,1212,I4108|1212,양수역
SL_D0E7788D279F,01,수도권,코레일,경의중앙,49,False,I4108,1213,I4108|1213,신원역
SL_D0E7788D279F,01,수도권,코레일,경의중앙,50,False,I4108,1214,I4108|1214,국수역
SL_D0E7788D279F,01,수도권,코레일,경의중앙,51,False,I4108,1215,I4108|1215,아신역
SL_D0E7788D279F,01,수도권,코레일,경의중앙,52,False,I4108,1216,I4108|1216,오빈역
SL_D0E7788D279F,01,수도권,코레일,경의중앙,53,False,I4108,1217,I4108|1217,양평역
SL_D0E7788D279F,01,수도권,코레일,경의중앙,54,False,I4108,1218,I4108|1218,원덕역
SL_D0E7788D279F,01,수도권,코레일,경의중앙,55,False,I4108,1219,I4108|1219,용문역
SL_D0E7788D279F,01,수도권,코레일,경의중앙,56,False,I4108,1220,I4108|1220,지평역
SL_4AEDCA688792,01,수도권,코레일,경강,1,False,I41K5,1501,I41K5|1501,판교역
SL_4AEDCA688792,01,수도권,코레일,경강,2,False,I41K5,1512,I41K5|1512,성남역
SL_4AEDCA688792,01,수도권,코레일,경강,3,False,I41K5,1502,I41K5|1502,이매역
SL_4AEDCA688792,01,수도권,코레일,경강,4,False,I41K5,1503,I41K5|1503,삼동역
SL_4AEDCA688792,01,수도권,코레일,경강,5,False,I41K5,1504,I41K5|1504,경기광주역
SL_4AEDCA688792,01,수도권,코레일,경강,6,False,I41K5,1505,I41K5|1505,초월역
SL_4AEDCA688792,01,수도권,코레일,경강,7,False,I41K5,1506,I41K5|1506,곤지암역
SL_4AEDCA688792,01,수도권,코레일,경강,8,False,I41K5,1507,I41K5|1507,신둔도예촌역
SL_4AEDCA688792,01,수도권,코레일,경강,9,False,I41K5,1508,I41K5|1508,이천역
SL_4AEDCA688792,01,수도권,코레일,경강,10,False,I41K5,1509,I41K5|1509,부발역
SL_4AEDCA688792,01,수도권,코레일,경강,11,False,I41K5,1510,I41K5|1510,세종대왕릉역
SL_4AEDCA688792,01,수도권,코레일,경강,12,False,I41K5,1511,I41K5|1511,여주역
SL_58702E398A41,01,수도권,코레일,서해선,1,False,I41WS,1275,I41WS|1275,일산역
SL_58702E398A41,01,수도권,코레일,서해선,2,False,I41WS,1274,I41WS|1274,풍산역
SL_58702E398A41,01,수도권,코레일,서해선,3,False,I41WS,1273,I41WS|1273,백마역
SL_58702E398A41,01,수도권,코레일,서해선,4,False,I41WS,1272,I41WS|1272,곡산역
SL_58702E398A41,01,수도권,코레일,서해선,5,False,I41WS,1953,I41WS|1953,대곡역
SL_58702E398A41,01,수도권,코레일,서해선,6,False,I41WS,1271,I41WS|1271,능곡역
SL_58702E398A41,01,수도권,코레일,서해선,7,False,I41WS,1980,I41WS|1980,김포공항역
SL_58702E398A41,01,수도권,코레일,서해선,9,False,I41WS,1982,I41WS|1982,부천종합운동장역
SL_480F0999C961,02,부산,코레일,동해,1,False,I26K6,8001,I26K6|8001,부전역
SL_480F0999C961,02,부산,코레일,동해,2,False,I26K6,8002,I26K6|8002,거제해맞이역
SL_480F0999C961,02,부산,코레일,동해,3,False,I26K6,8003,I26K6|8003,거제역
SL_480F0999C961,02,부산,코레일,동해,4,False,I26K6,8004,I26K6|8004,교대역
SL_480F0999C961,02,부산,코레일,동해,5,False,I26K6,8005,I26K6|8005,동래역
SL_480F0999C961,02,부산,코레일,동해,6,False,I26K6,8006,I26K6|8006,안락역
SL_480F0999C961,02,부산,코레일,동해,7,False,I26K6,8015,I26K6|8015,부산원동역
SL_480F0999C961,02,부산,코레일,동해,8,False,I26K6,8007,I26K6|8007,재송역
SL_480F0999C961,02,부산,코레일,동해,9,False,I26K6,8008,I26K6|8008,센텀역
SL_480F0999C961,02,부산,코레일,동해,10,False,I26K6,8009,I26K6|8009,벡스코역
SL_480F0999C961,02,부산,코레일,동해,11,False,I26K6,8010,I26K6|8010,신해운대역
SL_480F0999C961,02,부산,코레일,동해,12,False,I26K6,8011,I26K6|8011,송정역
SL_480F0999C961,02,부산,코레일,동해,13,False,I26K6,8012,I26K6|8012,오시리아역
SL_480F0999C961,02,부산,코레일,동해,14,False,I26K6,8013,I26K6|8013,기장역
SL_480F0999C961,02,부산,코레일,동해,15,False,I26K6,8014,I26K6|8014,일광역
SL_480F0999C961,02,부산,코레일,동해,16,False,I26K6,8016,I26K6|8016,좌천역
SL_480F0999C961,02,부산,코레일,동해,17,False,I26K6,8017,I26K6|8017,월내역
SL_480F0999C961,02,부산,코레일,동해,18,False,I26K6,8018,I26K6|8018,서생역
SL_480F0999C961,02,부산,코레일,동해,19,False,I26K6,8019,I26K6|8019,남창역
SL_480F0999C961,02,부산,코레일,동해,20,False,I26K6,8020,I26K6|8020,망양역
SL_480F0999C961,02,부산,코레일,동해,21,False,I26K6,8021,I26K6|8021,덕하역
SL_480F0999C961,02,부산,코레일,동해,22,False,I26K6,8022,I26K6|8022,개운포역
SL_480F0999C961,02,부산,코레일,동해,23,False,I26K6,8023,I26K6|8023,태화강역
SL_B1E9BFD92319,03,대구,코레일,대경선,1,False,I27K7,7008,I27K7|7008,경산역
SL_B1E9BFD92319,03,대구,코레일,대경선,2,False,I27K7,7007,I27K7|7007,동대구역
SL_B1E9BFD92319,03,대구,코레일,대경선,3,False,I27K7,7006,I27K7|7006,대구역
SL_B1E9BFD92319,03,대구,코레일,대경선,4,False,I27K7,7005,I27K7|7005,서대구역
SL_B1E9BFD92319,03,대구,코레일,대경선,5,False,I27K7,7004,I27K7|7004,왜관역
SL_B1E9BFD92319,03,대구,코레일,대경선,6,False,I27K7,7002,I27K7|7002,사곡역
SL_B1E9BFD92319,03,대구,코레일,대경선,7,False,I27K7,7001,I27K7|7001,구미역
SL_D324710E16DA,01,수도권,남양주도시공사,4호선,1,False,I4104,0405,I4104|0405,진접역
SL_D324710E16DA,01,수도권,남양주도시공사,4호선,2,False,I4104,0406,I4104|0406,오남역
SL_D324710E16DA,01,수도권,남양주도시공사,4호선,3,False,I4104,0408,I4104|0408,별내별가람역
SL_350D3B6D6AA6,01,수도권,남양주도시공사,8호선,1,False,S4108,804,S4108|804,별내역
SL_350D3B6D6AA6,01,수도권,남양주도시공사,8호선,2,False,S4108,805,S4108|805,다산역
SL_B33A75B9C64B,01,수도권,서울교통공사,1호선,28,False,I4101,0124,I4101|0124,청량리(서울시립대입구)
SL_B33A75B9C64B,01,수도권,서울교통공사,1호선,29,False,I4101,0125,I4101|0125,제기동
SL_B33A75B9C64B,01,수도권,서울교통공사,1호선,30,False,I4101,0126,I4101|0126,신설동
SL_B33A75B9C64B,01,수도권,서울교통공사,1호선,31,False,I4101,0127,I4101|0127,동묘앞
SL_B33A75B9C64B,01,수도권,서울교통공사,1호선,32,False,I4101,0128,I4101|0128,동대문
SL_B33A75B9C64B,01,수도권,서울교통공사,1호선,33,False,I4101,0129,I4101|0129,종로5가
SL_B33A75B9C64B,01,수도권,서울교통공사,1호선,34,False,I4101,0130,I4101|0130,종로3가
SL_B33A75B9C64B,01,수도권,서울교통공사,1호선,35,False,I4101,0131,I4101|0131,종각
SL_B33A75B9C64B,01,수도권,서울교통공사,1호선,36,False,I4101,0132,I4101|0132,시청
SL_B33A75B9C64B,01,수도권,서울교통공사,1호선,37,False,I4101,0133,I4101|0133,서울역
SL_564F0B5AFE1B,01,수도권,서울교통공사,2호선,1,False,S1102,0201,S1102|0201,시청
SL_564F0B5AFE1B,01,수도권,서울교통공사,2호선,2,False,S1102,0243,S1102|0243,충정로(경기대입구)
SL_564F0B5AFE1B,01,수도권,서울교통공사,2호선,3,False,S1102,0242,S1102|0242,아현
SL_564F0B5AFE1B,01,수도권,서울교통공사,2호선,4,False,S1102,0241,S1102|0241,이대
SL_564F0B5AFE1B,01,수도권,서울교통공사,2호선,5,False,S1102,0240,S1102|0240,신촌(지하)
SL_564F0B5AFE1B,01,수도권,서울교통공사,2호선,6,False,S1102,0239,S1102|0239,홍대입구
SL_564F0B5AFE1B,01,수도권,서울교통공사,2호선,7,False,S1102,0238,S1102|0238,합정
SL_564F0B5AFE1B,01,수도권,서울교통공사,2호선,8,False,S1102,0237,S1102|0237,당산
SL_564F0B5AFE1B,01,수도권,서울교통공사,2호선,9,False,S1102,0236,S1102|0236,영등포구청
SL_564F0B5AFE1B,01,수도권,서울교통공사,2호선,10,False,S1102,0235,S1102|0235,문래
SL_564F0B5AFE1B,01,수도권,서울교통공사,2호선,11,False,S1102,0234,S1102|0234,신도림
SL_564F0B5AFE1B,01,수도권,서울교통공사,2호선,12,True,S1102,0233,S1102|0233,대림(구로구청)
SL_564F0B5AFE1B,01,수도권,서울교통공사,2호선,12,True,S1122,2341,S1122|2341,도림천
SL_564F0B5AFE1B,01,수도권,서울교통공사,2호선,13,True,S1102,0232,S1102|0232,구로디지털단지
SL_564F0B5AFE1B,01,수도권,서울교통공사,2호선,13,True,S1122,2342,S1122|2342,양천구청
SL_564F0B5AFE1B,01,수도권,서울교통공사,2호선,14,True,S1102,0231,S1102|0231,신대방
SL_564F0B5AFE1B,01,수도권,서울교통공사,2호선,14,True,S1122,2343,S1122|2343,신정네거리
SL_564F0B5AFE1B,01,수도권,서울교통공사,2호선,15,True,S1105,0518,S1105|0518,까치산
SL_564F0B5AFE1B,01,수도권,서울교통공사,2호선,15,True,S1102,0230,S1102|0230,신림
SL_564F0B5AFE1B,01,수도권,서울교통공사,2호선,16,False,S1102,0229,S1102|0229,봉천
SL_564F0B5AFE1B,01,수도권,서울교통공사,2호선,17,False,S1102,0228,S1102|0228,서울대입구(관악구청)
SL_564F0B5AFE1B,01,수도권,서울교통공사,2호선,18,False,S1102,0227,S1102|0227,낙성대(강감찬)
SL_564F0B5AFE1B,01,수도권,서울교통공사,2호선,19,False,S1102,0226,S1102|0226,사당
SL_564F0B5AFE1B,01,수도권,서울교통공사,2호선,20,False,S1102,0225,S1102|0225,방배
SL_564F0B5AFE1B,01,수도권,서울교통공사,2호선,21,False,S1102,0224,S1102|0224,서초
SL_564F0B5AFE1B,01,수도권,서울교통공사,2호선,22,False,S1102,0223,S1102|0223,교대(법원·검찰청)
SL_564F0B5AFE1B,01,수도권,서울교통공사,2호선,23,False,S1102,0222,S1102|0222,강남
SL_564F0B5AFE1B,01,수도권,서울교통공사,2호선,24,False,S1102,0221,S1102|0221,역삼
SL_564F0B5AFE1B,01,수도권,서울교통공사,2호선,25,False,S1102,0220,S1102|0220,선릉
SL_564F0B5AFE1B,01,수도권,서울교통공사,2호선,26,False,S1102,0219,S1102|0219,삼성(무역센터)
SL_564F0B5AFE1B,01,수도권,서울교통공사,2호선,27,False,S1102,0218,S1102|0218,종합운동장
SL_564F0B5AFE1B,01,수도권,서울교통공사,2호선,28,False,S1102,0217,S1102|0217,잠실새내
SL_564F0B5AFE1B,01,수도권,서울교통공사,2호선,29,False,S1102,0216,S1102|0216,잠실(송파구청)
SL_564F0B5AFE1B,01,수도권,서울교통공사,2호선,30,False,S1102,0215,S1102|0215,잠실나루
SL_564F0B5AFE1B,01,수도권,서울교통공사,2호선,31,False,S1102,0214,S1102|0214,강변(동서울터미널)
SL_564F0B5AFE1B,01,수도권,서울교통공사,2호선,32,False,S1102,0213,S1102|0213,구의(광진구청)
SL_564F0B5AFE1B,01,수도권,서울교통공사,2호선,33,False,S1102,0212,S1102|0212,건대입구
SL_564F0B5AFE1B,01,수도권,서울교통공사,2호선,34,False,S1102,0211,S1102|0211,성수
SL_564F0B5AFE1B,01,수도권,서울교통공사,2호선,35,True,S1102,0210,S1102|0210,뚝섬
SL_564F0B5AFE1B,01,수도권,서울교통공사,2호선,35,True,S1121,2111,S1121|2111,용답
SL_564F0B5AFE1B,01,수도권,서울교통공사,2호선,36,True,S1121,2112,S1121|2112,신답
SL_564F0B5AFE1B,01,수도권,서울교통공사,2호선,36,True,S1102,0209,S1102|0209,한양대
SL_564F0B5AFE1B,01,수도권,서울교통공사,2호선,37,True,S1102,0208,S1102|0208,왕십리(성동구청)
SL_564F0B5AFE1B,01,수도권,서울교통공사,2호선,37,True,S1121,2113,S1121|2113,용두(동대문구청)
SL_564F0B5AFE1B,01,수도권,서울교통공사,2호선,38,True,S1102,0207,S1102|0207,상왕십리
SL_564F0B5AFE1B,01,수도권,서울교통공사,2호선,38,True,S1121,2114,S1121|2114,신설동
SL_564F0B5AFE1B,01,수도권,서울교통공사,2호선,39,False,S1102,0206,S1102|0206,신당
SL_564F0B5AFE1B,01,수도권,서울교통공사,2호선,40,False,S1102,0205,S1102|0205,동대문역사문화공원(DDP)
SL_564F0B5AFE1B,01,수도권,서울교통공사,2호선,41,False,S1102,0204,S1102|0204,을지로4가
SL_564F0B5AFE1B,01,수도권,서울교통공사,2호선,42,False,S1102,0203,S1102|0203,을지로3가
SL_564F0B5AFE1B,01,수도권,서울교통공사,2호선,43,False,S1102,0202,S1102|0202,을지로입구
SL_69DD658ED6A6,01,수도권,서울교통공사,3호선,11,False,I1103,0319,I1103|0319,지축
SL_69DD658ED6A6,01,수도권,서울교통공사,3호선,12,False,I1103,0320,I1103|0320,구파발
SL_69DD658ED6A6,01,수도권,서울교통공사,3호선,13,False,I1103,0321,I1103|0321,연신내
SL_69DD658ED6A6,01,수도권,서울교통공사,3호선,14,False,I1103,0322,I1103|0322,불광
SL_69DD658ED6A6,01,수도권,서울교통공사,3호선,15,False,I1103,0323,I1103|0323,녹번
SL_69DD658ED6A6,01,수도권,서울교통공사,3호선,16,False,I1103,0324,I1103|0324,홍제
SL_69DD658ED6A6,01,수도권,서울교통공사,3호선,17,False,I1103,0325,I1103|0325,무악재
SL_69DD658ED6A6,01,수도권,서울교통공사,3호선,18,False,I1103,0326,I1103|0326,독립문
SL_69DD658ED6A6,01,수도권,서울교통공사,3호선,19,False,I1103,0327,I1103|0327,경복궁(정부서울청사)
SL_69DD658ED6A6,01,수도권,서울교통공사,3호선,20,False,I1103,0328,I1103|0328,안국
SL_69DD658ED6A6,01,수도권,서울교통공사,3호선,21,False,I1103,0329,I1103|0329,종로3가
SL_69DD658ED6A6,01,수도권,서울교통공사,3호선,22,False,I1103,0330,I1103|0330,을지로3가
SL_69DD658ED6A6,01,수도권,서울교통공사,3호선,23,False,I1103,0331,I1103|0331,충무로
SL_69DD658ED6A6,01,수도권,서울교통공사,3호선,24,False,I1103,0332,I1103|0332,동대입구
SL_69DD658ED6A6,01,수도권,서울교통공사,3호선,25,False,I1103,0333,I1103|0333,약수
SL_69DD658ED6A6,01,수도권,서울교통공사,3호선,26,False,I1103,0334,I1103|0334,금호
SL_69DD658ED6A6,01,수도권,서울교통공사,3호선,27,False,I1103,0335,I1103|0335,옥수
SL_69DD658ED6A6,01,수도권,서울교통공사,3호선,28,False,I1103,0336,I1103|0336,압구정
SL_69DD658ED6A6,01,수도권,서울교통공사,3호선,29,False,I1103,0337,I1103|0337,신사
SL_69DD658ED6A6,01,수도권,서울교통공사,3호선,30,False,I1103,0338,I1103|0338,잠원
SL_69DD658ED6A6,01,수도권,서울교통공사,3호선,31,False,I1103,0339,I1103|0339,고속터미널
SL_69DD658ED6A6,01,수도권,서울교통공사,3호선,32,False,I1103,0340,I1103|0340,교대(법원·검찰청)
SL_69DD658ED6A6,01,수도권,서울교통공사,3호선,33,False,I1103,0341,I1103|0341,남부터미널(예술의전당)
SL_69DD658ED6A6,01,수도권,서울교통공사,3호선,34,False,I1103,0342,I1103|0342,양재(서초구청)
SL_69DD658ED6A6,01,수도권,서울교통공사,3호선,35,False,I1103,0343,I1103|0343,매봉
SL_69DD658ED6A6,01,수도권,서울교통공사,3호선,36,False,I1103,0344,I1103|0344,도곡
SL_69DD658ED6A6,01,수도권,서울교통공사,3호선,37,False,I1103,0345,I1103|0345,대치
SL_69DD658ED6A6,01,수도권,서울교통공사,3호선,38,False,I1103,0346,I1103|0346,학여울
SL_69DD658ED6A6,01,수도권,서울교통공사,3호선,39,False,I1103,0347,I1103|0347,대청
SL_69DD658ED6A6,01,수도권,서울교통공사,3호선,40,False,I1103,0348,I1103|0348,일원
SL_69DD658ED6A6,01,수도권,서울교통공사,3호선,41,False,I1103,0349,I1103|0349,수서
SL_69DD658ED6A6,01,수도권,서울교통공사,3호선,42,False,I1103,0350,I1103|0350,가락시장
SL_69DD658ED6A6,01,수도권,서울교통공사,3호선,43,False,I1103,0351,I1103|0351,경찰병원
SL_69DD658ED6A6,01,수도권,서울교통공사,3호선,44,False,I1103,0352,I1103|0352,오금
SL_6EEBE5963ED8,01,수도권,서울교통공사,4호선,4,False,I1104,0409,I1104|0409,불암산
SL_6EEBE5963ED8,01,수도권,서울교통공사,4호선,5,False,I1104,0410,I1104|0410,상계
SL_6EEBE5963ED8,01,수도권,서울교통공사,4호선,6,False,I1104,0411,I1104|0411,노원
SL_6EEBE5963ED8,01,수도권,서울교통공사,4호선,7,False,I1104,0412,I1104|0412,창동
SL_6EEBE5963ED8,01,수도권,서울교통공사,4호선,8,False,I1104,0413,I1104|0413,쌍문
SL_6EEBE5963ED8,01,수도권,서울교통공사,4호선,9,False,I1104,0414,I1104|0414,수유(강북구청)
SL_6EEBE5963ED8,01,수도권,서울교통공사,4호선,10,False,I1104,0415,I1104|0415,미아(서울사이버대학)
SL_6EEBE5963ED8,01,수도권,서울교통공사,4호선,11,False,I1104,0416,I1104|0416,미아사거리
SL_6EEBE5963ED8,01,수도권,서울교통공사,4호선,12,False,I1104,0417,I1104|0417,길음
SL_6EEBE5963ED8,01,수도권,서울교통공사,4호선,13,False,I1104,0418,I1104|0418,성신여대입구(돈암)
SL_6EEBE5963ED8,01,수도권,서울교통공사,4호선,14,False,I1104,0419,I1104|0419,한성대입구(삼선교)
SL_6EEBE5963ED8,01,수도권,서울교통공사,4호선,15,False,I1104,0420,I1104|0420,혜화
SL_6EEBE5963ED8,01,수도권,서울교통공사,4호선,16,False,I1104,0421,I1104|0421,동대문
SL_6EEBE5963ED8,01,수도권,서울교통공사,4호선,17,False,I1104,0422,I1104|0422,동대문역사문화공원(DDP)
SL_6EEBE5963ED8,01,수도권,서울교통공사,4호선,18,False,I1104,0423,I1104|0423,충무로
SL_6EEBE5963ED8,01,수도권,서울교통공사,4호선,19,False,I1104,0424,I1104|0424,명동
SL_6EEBE5963ED8,01,수도권,서울교통공사,4호선,20,False,I1104,0425,I1104|0425,회현(남대문시장)
SL_6EEBE5963ED8,01,수도권,서울교통공사,4호선,21,False,I1104,0426,I1104|0426,서울역
SL_6EEBE5963ED8,01,수도권,서울교통공사,4호선,22,False,I1104,0427,I1104|0427,숙대입구(갈월)
SL_6EEBE5963ED8,01,수도권,서울교통공사,4호선,23,False,I1104,0428,I1104|0428,삼각지(전쟁기념관)
SL_6EEBE5963ED8,01,수도권,서울교통공사,4호선,24,False,I1104,0429,I1104|0429,신용산
SL_6EEBE5963ED8,01,수도권,서울교통공사,4호선,25,False,I1104,0430,I1104|0430,이촌(국립중앙박물관)
SL_6EEBE5963ED8,01,수도권,서울교통공사,4호선,26,False,I1104,0431,I1104|0431,동작(현충원)
SL_6EEBE5963ED8,01,수도권,서울교통공사,4호선,27,False,I1104,0432,I1104|0432,총신대입구(이수)
SL_6EEBE5963ED8,01,수도권,서울교통공사,4호선,28,False,I1104,0433,I1104|0433,사당
SL_6EEBE5963ED8,01,수도권,서울교통공사,4호선,29,False,I1104,0434,I1104|0434,남태령
SL_AAA8222A8ABE,01,수도권,서울교통공사,5호선,1,False,S1105,0510,S1105|0510,방화
SL_AAA8222A8ABE,01,수도권,서울교통공사,5호선,2,False,S1105,0511,S1105|0511,개화산
SL_AAA8222A8ABE,01,수도권,서울교통공사,5호선,3,False,S1105,0512,S1105|0512,김포공항
SL_AAA8222A8ABE,01,수도권,서울교통공사,5호선,4,False,S1105,0513,S1105|0513,송정
SL_AAA8222A8ABE,01,수도권,서울교통공사,5호선,5,False,S1105,0514,S1105|0514,마곡
SL_AAA8222A8ABE,01,수도권,서울교통공사,5호선,6,False,S1105,0515,S1105|0515,발산
SL_AAA8222A8ABE,01,수도권,서울교통공사,5호선,7,False,S1105,0516,S1105|0516,우장산
SL_AAA8222A8ABE,01,수도권,서울교통공사,5호선,8,False,S1105,0517,S1105|0517,화곡
SL_AAA8222A8ABE,01,수도권,서울교통공사,5호선,9,False,S1105,0518,S1105|0518,까치산
SL_AAA8222A8ABE,01,수도권,서울교통공사,5호선,10,False,S1105,0519,S1105|0519,신정(은행정)
SL_AAA8222A8ABE,01,수도권,서울교통공사,5호선,11,False,S1105,0520,S1105|0520,목동
SL_AAA8222A8ABE,01,수도권,서울교통공사,5호선,12,False,S1105,0521,S1105|0521,오목교(목동운동장앞)
SL_AAA8222A8ABE,01,수도권,서울교통공사,5호선,13,False,S1105,0522,S1105|0522,양평
SL_AAA8222A8ABE,01,수도권,서울교통공사,5호선,14,False,S1105,0523,S1105|0523,영등포구청
SL_AAA8222A8ABE,01,수도권,서울교통공사,5호선,15,False,S1105,0524,S1105|0524,영등포시장
SL_AAA8222A8ABE,01,수도권,서울교통공사,5호선,16,False,S1105,0525,S1105|0525,신길
SL_AAA8222A8ABE,01,수도권,서울교통공사,5호선,17,False,S1105,0526,S1105|0526,여의도
SL_AAA8222A8ABE,01,수도권,서울교통공사,5호선,18,False,S1105,0527,S1105|0527,여의나루
SL_AAA8222A8ABE,01,수도권,서울교통공사,5호선,19,False,S1105,0528,S1105|0528,마포
SL_AAA8222A8ABE,01,수도권,서울교통공사,5호선,20,False,S1105,0529,S1105|0529,공덕
SL_AAA8222A8ABE,01,수도권,서울교통공사,5호선,21,False,S1105,0530,S1105|0530,애오개
SL_AAA8222A8ABE,01,수도권,서울교통공사,5호선,22,False,S1105,0531,S1105|0531,충정로(경기대입구)
SL_AAA8222A8ABE,01,수도권,서울교통공사,5호선,23,False,S1105,0532,S1105|0532,서대문
SL_AAA8222A8ABE,01,수도권,서울교통공사,5호선,24,False,S1105,0533,S1105|0533,광화문(세종문화회관)
SL_AAA8222A8ABE,01,수도권,서울교통공사,5호선,25,False,S1105,0534,S1105|0534,종로3가(탑골공원)
SL_AAA8222A8ABE,01,수도권,서울교통공사,5호선,26,False,S1105,0535,S1105|0535,을지로4가
SL_AAA8222A8ABE,01,수도권,서울교통공사,5호선,27,False,S1105,0536,S1105|0536,동대문역사문화공원(DDP)
SL_AAA8222A8ABE,01,수도권,서울교통공사,5호선,28,False,S1105,0537,S1105|0537,청구
SL_AAA8222A8ABE,01,수도권,서울교통공사,5호선,29,False,S1105,0538,S1105|0538,신금호
SL_AAA8222A8ABE,01,수도권,서울교통공사,5호선,30,False,S1105,0539,S1105|0539,행당
SL_AAA8222A8ABE,01,수도권,서울교통공사,5호선,31,False,S1105,0540,S1105|0540,왕십리(성동구청)
SL_AAA8222A8ABE,01,수도권,서울교통공사,5호선,32,False,S1105,0541,S1105|0541,마장
SL_AAA8222A8ABE,01,수도권,서울교통공사,5호선,33,False,S1105,0542,S1105|0542,답십리
SL_AAA8222A8ABE,01,수도권,서울교통공사,5호선,34,False,S1105,0543,S1105|0543,장한평
SL_AAA8222A8ABE,01,수도권,서울교통공사,5호선,35,False,S1105,0544,S1105|0544,군자(능동)
SL_AAA8222A8ABE,01,수도권,서울교통공사,5호선,36,False,S1105,0545,S1105|0545,아차산(어린이대공원후문)
SL_AAA8222A8ABE,01,수도권,서울교통공사,5호선,37,False,S1105,0546,S1105|0546,광나루(장신대)
SL_AAA8222A8ABE,01,수도권,서울교통공사,5호선,38,False,S1105,0547,S1105|0547,천호(풍납토성)
SL_AAA8222A8ABE,01,수도권,서울교통공사,5호선,39,False,S1105,0548,S1105|0548,강동
SL_AAA8222A8ABE,01,수도권,서울교통공사,5호선,40,True,S1105,0549,S1105|0549,길동
SL_AAA8222A8ABE,01,수도권,서울교통공사,5호선,40,True,S1105,P549,S1105|P549,둔촌동
SL_AAA8222A8ABE,01,수도권,서울교통공사,5호선,41,True,S1105,0550,S1105|0550,굽은다리(강동구민회관앞)
SL_AAA8222A8ABE,01,수도권,서울교통공사,5호선,41,True,S1105,P550,S1105|P550,올림픽공원(한국체대)
SL_AAA8222A8ABE,01,수도권,서울교통공사,5호선,42,True,S1105,0551,S1105|0551,명일
SL_AAA8222A8ABE,01,수도권,서울교통공사,5호선,42,True,S1105,P551,S1105|P551,방이
SL_AAA8222A8ABE,01,수도권,서울교통공사,5호선,43,True,S1105,0552,S1105|0552,고덕
SL_AAA8222A8ABE,01,수도권,서울교통공사,5호선,43,True,S1105,P552,S1105|P552,오금
SL_AAA8222A8ABE,01,수도권,서울교통공사,5호선,44,True,S1105,P553,S1105|P553,개롱
SL_AAA8222A8ABE,01,수도권,서울교통공사,5호선,44,True,S1105,0553,S1105|0553,상일동
SL_AAA8222A8ABE,01,수도권,서울교통공사,5호선,45,True,S1105,0554,S1105|0554,강일
SL_AAA8222A8ABE,01,수도권,서울교통공사,5호선,45,True,S1105,P554,S1105|P554,거여
SL_AAA8222A8ABE,01,수도권,서울교통공사,5호선,46,True,S1105,P555,S1105|P555,마천
SL_AAA8222A8ABE,01,수도권,서울교통공사,5호선,46,True,S1105,0555,S1105|0555,미사
SL_AAA8222A8ABE,01,수도권,서울교통공사,5호선,47,False,S1105,0556,S1105|0556,하남풍산
SL_AAA8222A8ABE,01,수도권,서울교통공사,5호선,49,False,S1105,0557,S1105|0557,하남시청(덕풍∙신장)
SL_AAA8222A8ABE,01,수도권,서울교통공사,5호선,50,False,S1105,0558,S1105|0558,하남검단산
SL_7E1B1F7898EE,01,수도권,서울교통공사,6호선,1,False,S1106,0610,S1106|0610,응암
SL_7E1B1F7898EE,01,수도권,서울교통공사,6호선,2,False,S1106,0611,S1106|0611,역촌
SL_7E1B1F7898EE,01,수도권,서울교통공사,6호선,3,False,S1106,0612,S1106|0612,불광
SL_7E1B1F7898EE,01,수도권,서울교통공사,6호선,4,False,S1106,0613,S1106|0613,독바위
SL_7E1B1F7898EE,01,수도권,서울교통공사,6호선,5,False,S1106,0614,S1106|0614,연신내
SL_7E1B1F7898EE,01,수도권,서울교통공사,6호선,6,False,S1106,0615,S1106|0615,구산
SL_7E1B1F7898EE,01,수도권,서울교통공사,6호선,7,False,S1106,0616,S1106|0616,새절(신사)
SL_7E1B1F7898EE,01,수도권,서울교통공사,6호선,8,False,S1106,0617,S1106|0617,증산(명지대앞)
SL_7E1B1F7898EE,01,수도권,서울교통공사,6호선,9,False,S1106,0618,S1106|0618,디지털미디어시티
SL_7E1B1F7898EE,01,수도권,서울교통공사,6호선,10,False,S1106,0619,S1106|0619,월드컵경기장(성산)
SL_7E1B1F7898EE,01,수도권,서울교통공사,6호선,11,False,S1106,0620,S1106|0620,마포구청
SL_7E1B1F7898EE,01,수도권,서울교통공사,6호선,12,False,S1106,0621,S1106|0621,망원
SL_7E1B1F7898EE,01,수도권,서울교통공사,6호선,13,False,S1106,0622,S1106|0622,합정
SL_7E1B1F7898EE,01,수도권,서울교통공사,6호선,14,False,S1106,0623,S1106|0623,상수
SL_7E1B1F7898EE,01,수도권,서울교통공사,6호선,15,False,S1106,0624,S1106|0624,광흥창(서강)
SL_7E1B1F7898EE,01,수도권,서울교통공사,6호선,16,False,S1106,0625,S1106|0625,대흥(서강대앞)
SL_7E1B1F7898EE,01,수도권,서울교통공사,6호선,17,False,S1106,0626,S1106|0626,공덕
SL_7E1B1F7898EE,01,수도권,서울교통공사,6호선,18,False,S1106,0627,S1106|0627,효창공원앞
SL_7E1B1F7898EE,01,수도권,서울교통공사,6호선,19,False,S1106,0628,S1106|0628,삼각지(전쟁기념관)
SL_7E1B1F7898EE,01,수도권,서울교통공사,6호선,20,False,S1106,0629,S1106|0629,녹사평(용산구청)
SL_7E1B1F7898EE,01,수도권,서울교통공사,6호선,21,False,S1106,0630,S1106|0630,이태원
SL_7E1B1F7898EE,01,수도권,서울교통공사,6호선,22,False,S1106,0631,S1106|0631,한강진
SL_7E1B1F7898EE,01,수도권,서울교통공사,6호선,23,False,S1106,0632,S1106|0632,버티고개
SL_7E1B1F7898EE,01,수도권,서울교통공사,6호선,24,False,S1106,0633,S1106|0633,약수
SL_7E1B1F7898EE,01,수도권,서울교통공사,6호선,25,False,S1106,0634,S1106|0634,청구
SL_7E1B1F7898EE,01,수도권,서울교통공사,6호선,26,False,S1106,0635,S1106|0635,신당
SL_7E1B1F7898EE,01,수도권,서울교통공사,6호선,27,False,S1106,0636,S1106|0636,동묘앞
SL_7E1B1F7898EE,01,수도권,서울교통공사,6호선,28,False,S1106,0637,S1106|0637,창신
SL_7E1B1F7898EE,01,수도권,서울교통공사,6호선,29,False,S1106,0638,S1106|0638,보문
SL_7E1B1F7898EE,01,수도권,서울교통공사,6호선,30,False,S1106,0639,S1106|0639,안암(고대병원앞)
SL_7E1B1F7898EE,01,수도권,서울교통공사,6호선,31,False,S1106,0640,S1106|0640,고려대(종암)
SL_7E1B1F7898EE,01,수도권,서울교통공사,6호선,32,False,S1106,0641,S1106|0641,월곡(동덕여대)
SL_7E1B1F7898EE,01,수도권,서울교통공사,6호선,33,False,S1106,0642,S1106|0642,상월곡(한국과학기술연구원)
SL_7E1B1F7898EE,01,수도권,서울교통공사,6호선,34,False,S1106,0643,S1106|0643,돌곶이
SL_7E1B1F7898EE,01,수도권,서울교통공사,6호선,35,False,S1106,0644,S1106|0644,석계
SL_7E1B1F7898EE,01,수도권,서울교통공사,6호선,36,False,S1106,0645,S1106|0645,태릉입구
SL_7E1B1F7898EE,01,수도권,서울교통공사,6호선,37,False,S1106,0646,S1106|0646,화랑대(서울여대입구)
SL_7E1B1F7898EE,01,수도권,서울교통공사,6호선,38,False,S1106,0647,S1106|0647,봉화산(서울의료원)
SL_7E1B1F7898EE,01,수도권,서울교통공사,6호선,39,False,S1106,0648,S1106|0648,신내
SL_3C3070C16347,01,수도권,서울교통공사,7호선,1,False,S1107,0709,S1107|0709,장암
SL_3C3070C16347,01,수도권,서울교통공사,7호선,2,False,S1107,0710,S1107|0710,도봉산
SL_3C3070C16347,01,수도권,서울교통공사,7호선,3,False,S1107,0711,S1107|0711,수락산
SL_3C3070C16347,01,수도권,서울교통공사,7호선,4,False,S1107,0712,S1107|0712,마들
SL_3C3070C16347,01,수도권,서울교통공사,7호선,5,False,S1107,0713,S1107|0713,노원
SL_3C3070C16347,01,수도권,서울교통공사,7호선,6,False,S1107,0714,S1107|0714,중계
SL_3C3070C16347,01,수도권,서울교통공사,7호선,7,False,S1107,0715,S1107|0715,하계
SL_3C3070C16347,01,수도권,서울교통공사,7호선,8,False,S1107,0716,S1107|0716,공릉(서울과학기술대)
SL_3C3070C16347,01,수도권,서울교통공사,7호선,9,False,S1107,0717,S1107|0717,태릉입구
SL_3C3070C16347,01,수도권,서울교통공사,7호선,10,False,S1107,0718,S1107|0718,먹골
SL_3C3070C16347,01,수도권,서울교통공사,7호선,11,False,S1107,0719,S1107|0719,중화
SL_3C3070C16347,01,수도권,서울교통공사,7호선,12,False,S1107,0720,S1107|0720,상봉
SL_3C3070C16347,01,수도권,서울교통공사,7호선,13,False,S1107,0721,S1107|0721,면목
SL_3C3070C16347,01,수도권,서울교통공사,7호선,14,False,S1107,0722,S1107|0722,사가정
SL_3C3070C16347,01,수도권,서울교통공사,7호선,15,False,S1107,0723,S1107|0723,용마산(용마폭포공원)
SL_3C3070C16347,01,수도권,서울교통공사,7호선,16,False,S1107,0724,S1107|0724,중곡
SL_3C3070C16347,01,수도권,서울교통공사,7호선,17,False,S1107,0725,S1107|0725,군자(능동)
SL_3C3070C16347,01,수도권,서울교통공사,7호선,18,False,S1107,0726,S1107|0726,어린이대공원(세종대)
SL_3C3070C16347,01,수도권,서울교통공사,7호선,19,False,S1107,0727,S1107|0727,건대입구
SL_3C3070C16347,01,수도권,서울교통공사,7호선,20,False,S1107,0728,S1107|0728,자양(뚝섬한강공원)
SL_3C3070C16347,01,수도권,서울교통공사,7호선,21,False,S1107,0729,S1107|0729,청담
SL_3C3070C16347,01,수도권,서울교통공사,7호선,22,False,S1107,0730,S1107|0730,강남구청
SL_3C3070C16347,01,수도권,서울교통공사,7호선,23,False,S1107,0731,S1107|0731,학동
SL_3C3070C16347,01,수도권,서울교통공사,7호선,24,False,S1107,0732,S1107|0732,논현
SL_3C3070C16347,01,수도권,서울교통공사,7호선,25,False,S1107,0733,S1107|0733,반포
SL_3C3070C16347,01,수도권,서울교통공사,7호선,26,False,S1107,0734,S1107|0734,고속터미널
SL_3C3070C16347,01,수도권,서울교통공사,7호선,27,False,S1107,0735,S1107|0735,내방
SL_3C3070C16347,01,수도권,서울교통공사,7호선,28,False,S1107,0736,S1107|0736,총신대입구(이수)
SL_3C3070C16347,01,수도권,서울교통공사,7호선,29,False,S1107,0737,S1107|0737,남성
SL_3C3070C16347,01,수도권,서울교통공사,7호선,30,False,S1107,0738,S1107|0738,숭실대입구(살피재)
SL_3C3070C16347,01,수도권,서울교통공사,7호선,31,False,S1107,0739,S1107|0739,상도
SL_3C3070C16347,01,수도권,서울교통공사,7호선,32,False,S1107,0740,S1107|0740,장승배기
SL_3C3070C16347,01,수도권,서울교통공사,7호선,33,False,S1107,0741,S1107|0741,신대방삼거리
SL_3C3070C16347,01,수도권,서울교통공사,7호선,34,False,S1107,0742,S1107|0742,보라매
SL_3C3070C16347,01,수도권,서울교통공사,7호선,35,False,S1107,0743,S1107|0743,신풍
SL_3C3070C16347,01,수도권,서울교통공사,7호선,36,False,S1107,0744,S1107|0744,대림(구로구청)
SL_3C3070C16347,01,수도권,서울교통공사,7호선,37,False,S1107,0745,S1107|0745,남구로
SL_3C3070C16347,01,수도권,서울교통공사,7호선,38,False,S1107,0746,S1107|0746,가산디지털단지
SL_3C3070C16347,01,수도권,서울교통공사,7호선,39,False,S1107,0747,S1107|0747,철산
SL_3C3070C16347,01,수도권,서울교통공사,7호선,40,False,S1107,0748,S1107|0748,광명사거리
SL_3C3070C16347,01,수도권,서울교통공사,7호선,41,False,S1107,0749,S1107|0749,천왕
SL_3C3070C16347,01,수도권,서울교통공사,7호선,42,False,S1107,0750,S1107|0750,온수(성공회대입구)
SL_F342822E3817,01,수도권,서울교통공사,8호선,6,False,S1108,0809,S1108|0809,암사역사공원
SL_F342822E3817,01,수도권,서울교통공사,8호선,7,False,S1108,0810,S1108|0810,암사
SL_F342822E3817,01,수도권,서울교통공사,8호선,8,False,S1108,0811,S1108|0811,천호(풍납토성)
SL_F342822E3817,01,수도권,서울교통공사,8호선,9,False,S1108,0812,S1108|0812,강동구청
SL_F342822E3817,01,수도권,서울교통공사,8호선,10,False,S1108,0813,S1108|0813,몽촌토성(평화의문)
SL_F342822E3817,01,수도권,서울교통공사,8호선,11,False,S1108,0814,S1108|0814,잠실(송파구청)
SL_F342822E3817,01,수도권,서울교통공사,8호선,12,False,S1108,0815,S1108|0815,석촌
SL_F342822E3817,01,수도권,서울교통공사,8호선,13,False,S1108,0816,S1108|0816,송파
SL_F342822E3817,01,수도권,서울교통공사,8호선,14,False,S1108,0817,S1108|0817,가락시장
SL_F342822E3817,01,수도권,서울교통공사,8호선,15,False,S1108,0818,S1108|0818,문정
SL_F342822E3817,01,수도권,서울교통공사,8호선,16,False,S1108,0819,S1108|0819,장지
SL_F342822E3817,01,수도권,서울교통공사,8호선,17,False,S1108,0820,S1108|0820,복정
SL_F342822E3817,01,수도권,서울교통공사,8호선,18,False,S1108,0821,S1108|0821,남위례
SL_F342822E3817,01,수도권,서울교통공사,8호선,19,False,S1108,0822,S1108|0822,산성
SL_F342822E3817,01,수도권,서울교통공사,8호선,20,False,S1108,0823,S1108|0823,남한산성입구(성남법원·검찰청)
SL_F342822E3817,01,수도권,서울교통공사,8호선,21,False,S1108,0824,S1108|0824,단대오거리
SL_F342822E3817,01,수도권,서울교통공사,8호선,22,False,S1108,0825,S1108|0825,신흥
SL_F342822E3817,01,수도권,서울교통공사,8호선,23,False,S1108,0826,S1108|0826,수진
SL_F342822E3817,01,수도권,서울교통공사,8호선,24,False,S1108,0827,S1108|0827,모란
SL_8F5057CD282A,01,수도권,서울시메트로9호선주식회사,9호선,1,False,S1109,4101,S1109|4101,개화
SL_8F5057CD282A,01,수도권,서울시메트로9호선주식회사,9호선,2,False,S1109,4102,S1109|4102,김포공항
SL_8F5057CD282A,01,수도권,서울시메트로9호선주식회사,9호선,3,False,S1109,4103,S1109|4103,공항시장
SL_8F5057CD282A,01,수도권,서울시메트로9호선주식회사,9호선,4,False,S1109,4104,S1109|4104,신방화
SL_8F5057CD282A,01,수도권,서울시메트로9호선주식회사,9호선,5,False,S1109,4105,S1109|4105,마곡나루(서울식물원)
SL_8F5057CD282A,01,수도권,서울시메트로9호선주식회사,9호선,6,False,S1109,4106,S1109|4106,양천향교
SL_8F5057CD282A,01,수도권,서울시메트로9호선주식회사,9호선,7,False,S1109,4107,S1109|4107,가양
SL_8F5057CD282A,01,수도권,서울시메트로9호선주식회사,9호선,8,False,S1109,4108,S1109|4108,증미
SL_8F5057CD282A,01,수도권,서울시메트로9호선주식회사,9호선,9,False,S1109,4109,S1109|4109,등촌
SL_8F5057CD282A,01,수도권,서울시메트로9호선주식회사,9호선,10,False,S1109,4110,S1109|4110,염창
SL_8F5057CD282A,01,수도권,서울시메트로9호선주식회사,9호선,11,False,S1109,4111,S1109|4111,신목동
SL_8F5057CD282A,01,수도권,서울시메트로9호선주식회사,9호선,12,False,S1109,4112,S1109|4112,선유도
SL_8F5057CD282A,01,수도권,서울시메트로9호선주식회사,9호선,13,False,S1109,4113,S1109|4113,당산
SL_8F5057CD282A,01,수도권,서울시메트로9호선주식회사,9호선,14,False,S1109,4114,S1109|4114,국회의사당
SL_8F5057CD282A,01,수도권,서울시메트로9호선주식회사,9호선,15,False,S1109,4115,S1109|4115,여의도
SL_8F5057CD282A,01,수도권,서울시메트로9호선주식회사,9호선,16,False,S1109,4116,S1109|4116,샛강
SL_8F5057CD282A,01,수도권,서울시메트로9호선주식회사,9호선,17,False,S1109,4117,S1109|4117,노량진
SL_8F5057CD282A,01,수도권,서울시메트로9호선주식회사,9호선,18,False,S1109,4118,S1109|4118,노들
SL_8F5057CD282A,01,수도권,서울시메트로9호선주식회사,9호선,19,False,S1109,4119,S1109|4119,흑석(중앙대입구)
SL_8F5057CD282A,01,수도권,서울시메트로9호선주식회사,9호선,20,False,S1109,4120,S1109|4120,동작(현충원)
SL_8F5057CD282A,01,수도권,서울시메트로9호선주식회사,9호선,21,False,S1109,4121,S1109|4121,구반포
SL_8F5057CD282A,01,수도권,서울시메트로9호선주식회사,9호선,22,False,S1109,4122,S1109|4122,신반포
SL_8F5057CD282A,01,수도권,서울시메트로9호선주식회사,9호선,23,False,S1109,4123,S1109|4123,고속터미널
SL_8F5057CD282A,01,수도권,서울시메트로9호선주식회사,9호선,24,False,S1109,4124,S1109|4124,사평
SL_8F5057CD282A,01,수도권,서울시메트로9호선주식회사,9호선,25,False,S1109,4125,S1109|4125,신논현
SL_8F5057CD282A,01,수도권,서울시메트로9호선주식회사,9호선,26,False,S1109,4126,S1109|4126,언주
SL_8F5057CD282A,01,수도권,서울시메트로9호선주식회사,9호선,27,False,S1109,4127,S1109|4127,선정릉
SL_8F5057CD282A,01,수도권,서울시메트로9호선주식회사,9호선,28,False,S1109,4128,S1109|4128,삼성중앙
SL_8F5057CD282A,01,수도권,서울시메트로9호선주식회사,9호선,29,False,S1109,4129,S1109|4129,봉은사
SL_8F5057CD282A,01,수도권,서울시메트로9호선주식회사,9호선,30,False,S1109,4130,S1109|4130,종합운동장
SL_8F5057CD282A,01,수도권,서울시메트로9호선주식회사,9호선,31,False,S1109,4131,S1109|4131,삼전
SL_8F5057CD282A,01,수도권,서울시메트로9호선주식회사,9호선,32,False,S1109,4132,S1109|4132,석촌고분
SL_8F5057CD282A,01,수도권,서울시메트로9호선주식회사,9호선,33,False,S1109,4133,S1109|4133,석촌
SL_8F5057CD282A,01,수도권,서울시메트로9호선주식회사,9호선,34,False,S1109,4134,S1109|4134,송파나루
SL_8F5057CD282A,01,수도권,서울시메트로9호선주식회사,9호선,35,False,S1109,4135,S1109|4135,한성백제
SL_8F5057CD282A,01,수도권,서울시메트로9호선주식회사,9호선,36,False,S1109,4136,S1109|4136,올림픽공원(한국체대)
SL_8F5057CD282A,01,수도권,서울시메트로9호선주식회사,9호선,37,False,S1109,4137,S1109|4137,둔촌오륜
SL_8F5057CD282A,01,수도권,서울시메트로9호선주식회사,9호선,38,False,S1109,4138,S1109|4138,중앙보훈병원
SL_50341A3A9F81,01,수도권,남서울경전철주식회사,신림선,1,False,L11SL,S401,L11SL|S401,샛강
SL_50341A3A9F81,01,수도권,남서울경전철주식회사,신림선,2,False,L11SL,S402,L11SL|S402,대방
SL_50341A3A9F81,01,수도권,남서울경전철주식회사,신림선,3,False,L11SL,S403,L11SL|S403,서울지방병무청
SL_50341A3A9F81,01,수도권,남서울경전철주식회사,신림선,4,False,L11SL,S404,L11SL|S404,보라매
SL_50341A3A9F81,01,수도권,남서울경전철주식회사,신림선,5,False,L11SL,S405,L11SL|S405,보라매공원
SL_50341A3A9F81,01,수도권,남서울경전철주식회사,신림선,6,False,L11SL,S406,L11SL|S406,보라매병원
SL_50341A3A9F81,01,수도권,남서울경전철주식회사,신림선,7,False,L11SL,S407,L11SL|S407,당곡
SL_50341A3A9F81,01,수도권,남서울경전철주식회사,신림선,8,False,L11SL,S408,L11SL|S408,신림
SL_50341A3A9F81,01,수도권,남서울경전철주식회사,신림선,9,False,L11SL,S409,L11SL|S409,서원
SL_50341A3A9F81,01,수도권,남서울경전철주식회사,신림선,10,False,L11SL,S410,L11SL|S410,서울대벤처타운
SL_50341A3A9F81,01,수도권,남서울경전철주식회사,신림선,11,False,L11SL,S411,L11SL|S411,관악산
SL_DAB0E2B86442,01,수도권,서해철도주식회사,서해선,10,False,I41WS,4804,I41WS|4804,소사역
SL_DAB0E2B86442,01,수도권,서해철도주식회사,서해선,11,False,I41WS,4805,I41WS|4805,소새울역
SL_DAB0E2B86442,01,수도권,서해철도주식회사,서해선,12,False,I41WS,4806,I41WS|4806,시흥대야역
SL_DAB0E2B86442,01,수도권,서해철도주식회사,서해선,13,False,I41WS,4807,I41WS|4807,신천역
SL_DAB0E2B86442,01,수도권,서해철도주식회사,서해선,14,False,I41WS,4808,I41WS|4808,신현역
SL_DAB0E2B86442,01,수도권,서해철도주식회사,서해선,15,False,I41WS,4809,I41WS|4809,시흥시청역
SL_DAB0E2B86442,01,수도권,서해철도주식회사,서해선,16,False,I41WS,4810,I41WS|4810,시흥능곡역
SL_DAB0E2B86442,01,수도권,서해철도주식회사,서해선,17,False,I41WS,4811,I41WS|4811,달미역
SL_DAB0E2B86442,01,수도권,서해철도주식회사,서해선,18,False,I41WS,4812,I41WS|4812,선부역
SL_DAB0E2B86442,01,수도권,서해철도주식회사,서해선,19,False,I41WS,4813,I41WS|4813,초지역
SL_DAB0E2B86442,01,수도권,서해철도주식회사,서해선,20,False,I41WS,4814,I41WS|4814,시우역
SL_DAB0E2B86442,01,수도권,서해철도주식회사,서해선,21,False,I41WS,4815,I41WS|4815,원시역
SL_8CFC987D09A5,01,수도권,우이신설경전철주식회사,우이신설,1,False,L11UI,S110,L11UI|S110,북한산우이
SL_8CFC987D09A5,01,수도권,우이신설경전철주식회사,우이신설,2,False,L11UI,S111,L11UI|S111,솔밭공원
SL_8CFC987D09A5,01,수도권,우이신설경전철주식회사,우이신설,3,False,L11UI,S112,L11UI|S112,4.19민주묘지
SL_8CFC987D09A5,01,수도권,우이신설경전철주식회사,우이신설,4,False,L11UI,S113,L11UI|S113,가오리
SL_8CFC987D09A5,01,수도권,우이신설경전철주식회사,우이신설,5,False,L11UI,S114,L11UI|S114,화계
SL_8CFC987D09A5,01,수도권,우이신설경전철주식회사,우이신설,6,False,L11UI,S115,L11UI|S115,삼양
SL_8CFC987D09A5,01,수도권,우이신설경전철주식회사,우이신설,7,False,L11UI,S116,L11UI|S116,삼양사거리
SL_8CFC987D09A5,01,수도권,우이신설경전철주식회사,우이신설,8,False,L11UI,S117,L11UI|S117,솔샘
SL_8CFC987D09A5,01,수도권,우이신설경전철주식회사,우이신설,9,False,L11UI,S118,L11UI|S118,북한산보국문
SL_8CFC987D09A5,01,수도권,우이신설경전철주식회사,우이신설,10,False,L11UI,S119,L11UI|S119,정릉
SL_8CFC987D09A5,01,수도권,우이신설경전철주식회사,우이신설,11,False,L11UI,S120,L11UI|S120,성신여대입구
SL_8CFC987D09A5,01,수도권,우이신설경전철주식회사,우이신설,12,False,L11UI,S121,L11UI|S121,보문
SL_8CFC987D09A5,01,수도권,우이신설경전철주식회사,우이신설,13,False,L11UI,S122,L11UI|S122,신설동
SL_C8573561C185,01,수도권,의정부경량전철주식회사,의정부,1,False,L41U1,U110,L41U1|U110,발곡
SL_C8573561C185,01,수도권,의정부경량전철주식회사,의정부,2,False,L41U1,U111,L41U1|U111,회룡
SL_C8573561C185,01,수도권,의정부경량전철주식회사,의정부,3,False,L41U1,U112,L41U1|U112,범골
SL_C8573561C185,01,수도권,의정부경량전철주식회사,의정부,4,False,L41U1,U113,L41U1|U113,경전철의정부
SL_C8573561C185,01,수도권,의정부경량전철주식회사,의정부,5,False,L41U1,U114,L41U1|U114,의정부시청
SL_C8573561C185,01,수도권,의정부경량전철주식회사,의정부,6,False,L41U1,U115,L41U1|U115,흥선
SL_C8573561C185,01,수도권,의정부경량전철주식회사,의정부,7,False,L41U1,U117,L41U1|U117,의정부중앙
SL_C8573561C185,01,수도권,의정부경량전철주식회사,의정부,8,False,L41U1,U118,L41U1|U118,동오
SL_C8573561C185,01,수도권,의정부경량전철주식회사,의정부,9,False,L41U1,U119,L41U1|U119,새말
SL_C8573561C185,01,수도권,의정부경량전철주식회사,의정부,10,False,L41U1,U120,L41U1|U120,경기도청북부청사
SL_C8573561C185,01,수도권,의정부경량전철주식회사,의정부,11,False,L41U1,U121,L41U1|U121,효자
SL_C8573561C185,01,수도권,의정부경량전철주식회사,의정부,12,False,L41U1,U122,L41U1|U122,곤제
SL_C8573561C185,01,수도권,의정부경량전철주식회사,의정부,13,False,L41U1,U123,L41U1|U123,어룡
SL_C8573561C185,01,수도권,의정부경량전철주식회사,의정부,14,False,L41U1,U124,L41U1|U124,송산
SL_C8573561C185,01,수도권,의정부경량전철주식회사,의정부,15,False,L41U1,U125,L41U1|U125,탑석
