from_source_line_id,from_source_station_id,from_source_station_key,from_station_name,to_source_line_id,to_source_station_id,to_source_station_key,to_station_name,transfer_duration_seconds,straight_distance_meters,duration_is_estimated
I11D1,D004,I11D1|D004,신사,I1103,0337,I1103|0337,신사,226,55,True
I1103,0337,I1103|0337,신사,I11D1,D004,I11D1|D004,신사,226,55,True
I11D1,D005,I11D1|D005,논현,S1107,0732,S1107|0732,논현,182,2,True
S1107,0732,S1107|0732,논현,I11D1,D005,I11D1|D005,논현,182,2,True
I11D1,D006,I11D1|D006,신논현,S1109,4125,S1109|4125,신논현,193,16,True
S1109,4125,S1109|4125,신논현,I11D1,D006,I11D1|D006,신논현,193,16,True
I11D1,D007,I11D1|D007,강남,S1102,0222,S1102|0222,강남,242,74,True
S1102,0222,S1102|0222,강남,I11D1,D007,I11D1|D007,강남,242,74,True
I11D1,D008,I11D1|D008,양재(서초구청),I1103,0342,I1103|0342,양재(서초구청),195,18,True
I1103,0342,I1103|0342,양재(서초구청),I11D1,D008,I11D1|D008,양재(서초구청),195,18,True
I11D1,D011,I11D1|D011,판교,I41K5,1501,I41K5|1501,판교역,265,102,True
I41K5,1501,I41K5|1501,판교역,I11D1,D011,I11D1|D011,판교,265,102,True
I11D1,D012,I11D1|D012,정자,I4105,1857,I4105|1857,정자역,383,243,True
I4105,1857,I4105|1857,정자역,I11D1,D012,I11D1|D012,정자,383,243,True
I11D1,D013,I11D1|D013,미금,I4105,1858,I4105|1858,미금역,282,123,True
I4105,1858,I4105|1858,미금역,I11D1,D013,I11D1|D013,미금,282,123,True
L41E1,Y110,L41E1|Y110,기흥(백남준아트센터),I4105,1865,I4105|1865,기흥역,263,100,True
I4105,1865,I4105|1865,기흥역,L41E1,Y110,L41E1|Y110,기흥(백남준아트센터),263,100,True
I28A1,A01,I28A1|A01,서울,I4101,0133,I4101|0133,서울역,494,376,True
I4101,0133,I4101|0133,서울역,I28A1,A01,I28A1|A01,서울,494,376,True
I28A1,A01,I28A1|A01,서울,I1104,0426,I1104|0426,서울역,397,260,True
I1104,0426,I1104|0426,서울역,I28A1,A01,I28A1|A01,서울,397,260,True
I4101,0133,I4101|0133,서울역,I1104,0426,I1104|0426,서울역,432,302,True
I1104,0426,I1104|0426,서울역,I4101,0133,I4101|0133,서울역,432,302,True
I28A1,A02,I28A1|A02,공덕,S1105,0529,S1105|0529,공덕,307,153,True
S1105,0529,S1105|0529,공덕,I28A1,A02,I28A1|A02,공덕,307,153,True
I28A1,A02,I28A1|A02,공덕,S1106,0626,S1106|0626,공덕,262,98,True
S1106,0626,S1106|0626,공덕,I28A1,A02,I28A1|A02,공덕,262,98,True
I28A1,A02,I28A1|A02,공덕,I4108,1262,I4108|1262,공덕역,217,44,True
I4108,1262,I4108|1262,공덕역,I28A1,A02,I28A1|A02,공덕,217,44,True
S1105,0529,S1105|0529,공덕,S1106,0626,S1106|0626,공덕,239,70,True
S1106,0626,S1106|0626,공덕,S1105,0529,S1105|0529,공덕,239,70,True
S1105,0529,S1105|0529,공덕,I4108,1262,I4108|1262,공덕역,324,172,True
I4108,1262,I4108|1262,공덕역,S1105,0529,S1105|0529,공덕,324,172,True
S1106,0626,S1106|0626,공덕,I4108,1262,I4108|1262,공덕역,269,106,True
I4108,1262,I4108|1262,공덕역,S1106,0626,S1106|0626,공덕,269,106,True
I28A1,A03,I28A1|A03,홍대입구,S1102,0239,S1102|0239,홍대입구,409,274,True
S1102,0239,S1102|0239,홍대입구,I28A1,A03,I28A1|A03,홍대입구,409,274,True
I28A1,A03,I28A1|A03,홍대입구,I4108,1264,I4108|1264,홍대입구역,209,35,True
I4108,1264,I4108|1264,홍대입구역,I28A1,A03,I28A1|A03,홍대입구,209,35,True
S1102,0239,S1102|0239,홍대입구,I4108,1264,I4108|1264,홍대입구역,427,296,True
I4108,1264,I4108|1264,홍대입구역,S1102,0239,S1102|0239,홍대입구,427,296,True
I28A1,A04,I28A1|A04,디지털미디어시티,S1106,0618,S1106|0618,디지털미디어시티,451,325,True
S1106,0618,S1106|0618,디지털미디어시티,I28A1,A04,I28A1|A04,디지털미디어시티,451,325,True
I28A1,A04,I28A1|A04,디지털미디어시티,I4108,1266,I4108|1266,디지털미디어시티역,365,222,True
I4108,1266,I4108|1266,디지털미디어시티역,I28A1,A04,I28A1|A04,디지털미디어시티,365,222,True
S1106,0618,S1106|0618,디지털미디어시티,I4108,1266,I4108|1266,디지털미디어시티역,367,225,True
I4108,1266,I4108|1266,디지털미디어시티역,S1106,0618,S1106|0618,디지털미디어시티,367,225,True
I28A1,A042,I28A1|A042,마곡나루,S1109,4105,S1109|4105,마곡나루(서울식물원),263,100,True
S1109,4105,S1109|4105,마곡나루(서울식물원),I28A1,A042,I28A1|A042,마곡나루,263,100,True
I28A1,A05,I28A1|A05,김포공항,L41G1,G109,L41G1|G109,김포공항역,208,33,True
L41G1,G109,L41G1|G109,김포공항역,I28A1,A05,I28A1|A05,김포공항,208,33,True
I28A1,A05,I28A1|A05,김포공항,S1105,0512,S1105|0512,김포공항,201,25,True
S1105,0512,S1105|0512,김포공항,I28A1,A05,I28A1|A05,김포공항,201,25,True
I28A1,A05,I28A1|A05,김포공항,S1109,4102,S1109|4102,김포공항,189,10,True
S1109,4102,S1109|4102,김포공항,I28A1,A05,I28A1|A05,김포공항,189,10,True
I28A1,A05,I28A1|A05,김포공항,I41WS,1980,I41WS|1980,김포공항역,364,221,True
I41WS,1980,I41WS|1980,김포공항역,I28A1,A05,I28A1|A05,김포공항,364,221,True
L41G1,G109,L41G1|G109,김포공항역,S1105,0512,S1105|0512,김포공항,223,52,True
S1105,0512,S1105|0512,김포공항,L41G1,G109,L41G1|G109,김포공항역,223,52,True
L41G1,G109,L41G1|G109,김포공항역,S1109,4102,S1109|4102,김포공항,208,33,True
S1109,4102,S1109|4102,김포공항,L41G1,G109,L41G1|G109,김포공항역,208,33,True
L41G1,G109,L41G1|G109,김포공항역,I41WS,1980,I41WS|1980,김포공항역,344,197,True
I41WS,1980,I41WS|1980,김포공항역,L41G1,G109,L41G1|G109,김포공항역,344,197,True
S1105,0512,S1105|0512,김포공항,S1109,4102,S1109|4102,김포공항,208,34,True
S1109,4102,S1109|4102,김포공항,S1105,0512,S1105|0512,김포공항,208,34,True
S1105,0512,S1105|0512,김포공항,I41WS,1980,I41WS|1980,김포공항역,384,245,True
I41WS,1980,I41WS|1980,김포공항역,S1105,0512,S1105|0512,김포공항,384,245,True
S1109,4102,S1109|4102,김포공항,I41WS,1980,I41WS|1980,김포공항역,358,214,True
I41WS,1980,I41WS|1980,김포공항역,S1109,4102,S1109|4102,김포공항,358,214,True
I28A1,A06,I28A1|A06,계양,S2801,3110,S2801|3110,계양,201,26,True
S2801,3110,S2801|3110,계양,I28A1,A06,I28A1|A06,계양,201,26,True
I28A1,A07,I28A1|A07,검암,S2802,3207,S2802|3207,검암,346,199,True
S2802,3207,S2802|3207,검암,I28A1,A07,I28A1|A07,검암,346,199,True
S1108,807,S1108|807,구리(구리전통시장),I4108,1205,I4108|1205,구리역,385,246,True
I4108,1205,I4108|1205,구리역,S1108,807,S1108|807,구리(구리전통시장),385,246,True
L11SL,S401,L11SL|S401,샛강,S1109,4116,S1109|4116,샛강,254,89,True
S1109,4116,S1109|4116,샛강,L11SL,S401,L11SL|S401,샛강,254,89,True
L11SL,S402,L11SL|S402,대방,I4101,1005,I4101|1005,대방역,275,114,True
I4101,1005,I4101|1005,대방역,L11SL,S402,L11SL|S402,대방,275,114,True
L11SL,S404,L11SL|S404,보라매,S1107,0742,S1107|0742,보라매,226,55,True
S1107,0742,S1107|0742,보라매,L11SL,S404,L11SL|S404,보라매,226,55,True
L11SL,S408,L11SL|S408,신림,S1102,0230,S1102|0230,신림,243,75,True
S1102,0230,S1102|0230,신림,L11SL,S408,L11SL|S408,신림,243,75,True
S4108,804,S4108|804,별내역,I41K2,1313,I41K2|1313,별내역,208,34,True
I41K2,1313,I41K2|1313,별내역,S4108,804,S4108|804,별내역,208,34,True
I4108,1953,I4108|1953,대곡역,I41WS,1953,I41WS|1953,대곡역,211,37,True
I41WS,1953,I41WS|1953,대곡역,I4108,1953,I4108|1953,대곡역,211,37,True
I4108,1953,I4108|1953,대곡역,I4106,1953,I4106|1953,대곡역,239,70,True
I4106,1953,I4106|1953,대곡역,I4108,1953,I4108|1953,대곡역,239,70,True
I41WS,1953,I41WS|1953,대곡역,I4106,1953,I4106|1953,대곡역,270,108,True
I4106,1953,I4106|1953,대곡역,I41WS,1953,I41WS|1953,대곡역,270,108,True
S2601,0124,S2601|0124,교대,I26K6,8004,I26K6|8004,교대역,371,229,True
I26K6,8004,I26K6|8004,교대역,S2601,0124,S2601|0124,교대,371,229,True
S1102,0223,S1102|0223,교대(법원·검찰청),I1103,0340,I1103|0340,교대(법원·검찰청),275,114,True
I1103,0340,I1103|0340,교대(법원·검찰청),S1102,0223,S1102|0223,교대(법원·검찰청),275,114,True
S2701,0129,S2701|0129,명덕(2.28민주운동기념회관),S2703,0331,S2703|0331,명덕(2·28민주운동기념회관),255,89,True
S2703,0331,S2703|0331,명덕(2·28민주운동기념회관),S2701,0129,S2701|0129,명덕(2.28민주운동기념회관),255,89,True
S2701,0130,S2701|0130,반월당,S2702,0230,S2702|0230,반월당,338,189,True
S2702,0230,S2702|0230,반월당,S2701,0130,S2701|0130,반월당,338,189,True
S2701,0132,S2701|0132,대구역,I27K7,7006,I27K7|7006,대구역,251,85,True
I27K7,7006,I27K7|7006,대구역,S2701,0132,S2701|0132,대구역,251,85,True
S2701,0135,S2701|0135,동대구역,I27K7,7007,I27K7|7007,동대구역,384,245,True
I27K7,7007,I27K7|7007,동대구역,S2701,0135,S2701|0135,동대구역,384,245,True
I4101,1003,I4101|1003,용산역,I4102,1003,I4102|1003,용산역,180,0,True
I4102,1003,I4102|1003,용산역,I4101,1003,I4101|1003,용산역,180,0,True
S2702,0229,S2702|0229,청라언덕,S2703,0329,S2703|0329,청라언덕(신남),255,90,True
S2703,0329,S2703|0329,청라언덕(신남),S2702,0229,S2702|0229,청라언덕,255,90,True
I4101,0132,I4101|0132,시청,S1102,0201,S1102|0201,시청,391,253,True
S1102,0201,S1102|0201,시청,I4101,0132,I4101|0132,시청,391,253,True
I28K1,1756,I28K1|1756,중앙역,I4103,1756,I4103|1756,중앙역,180,0,True
I4103,1756,I4103|1756,중앙역,I28K1,1756,I28K1|1756,중앙역,180,0,True
S2601,0119,S2601|0119,서면,S2602,0219,S2602|0219,서면,230,60,True
S2602,0219,S2602|0219,서면,S2601,0119,S2601|0119,서면,230,60,True
S2601,0123,S2601|0123,연산,S2603,0305,S2603|0305,연산,195,18,True
S2603,0305,S2603|0305,연산,S2601,0123,S2601|0123,연산,195,18,True
S2601,0125,S2601|0125,동래,L2604,0402,L2604|0402,동래,295,138,True
L2604,0402,L2604|0402,동래,S2601,0125,S2601|0125,동래,295,138,True
S2601,0125,S2601|0125,동래,I26K6,8005,I26K6|8005,동래역,295,138,True
I26K6,8005,I26K6|8005,동래역,S2601,0125,S2601|0125,동래,295,138,True
L2604,0402,L2604|0402,동래,I26K6,8005,I26K6|8005,동래역,187,8,True
I26K6,8005,I26K6|8005,동래역,L2604,0402,L2604|0402,동래,187,8,True
S2602,0205,S2602|0205,벡스코,I26K6,8009,I26K6|8009,벡스코역,484,365,True
I26K6,8009,I26K6|8009,벡스코역,S2602,0205,S2602|0205,벡스코,484,365,True
S2602,0208,S2602|0208,수영,S2603,0301,S2603|0301,수영,364,220,True
S2603,0301,S2603|0301,수영,S2602,0208,S2602|0208,수영,364,220,True
S2602,0227,S2602|0227,사상,L48B1,0001,L48B1|0001,사상,277,116,True
L48B1,0001,L48B1|0001,사상,S2602,0227,S2602|0227,사상,277,116,True
S2602,0233,S2602|0233,덕천,S2603,0313,S2603|0313,덕천,196,20,True
S2603,0313,S2603|0313,덕천,S2602,0233,S2602|0233,덕천,196,20,True
S2603,0306,S2603|0306,거제,I26K6,8003,I26K6|8003,거제역,279,118,True
I26K6,8003,I26K6|8003,거제역,S2603,0306,S2603|0306,거제,279,118,True
S1102,0218,S1102|0218,종합운동장,S1109,4130,S1109|4130,종합운동장,406,271,True
S1109,4130,S1109|4130,종합운동장,S1102,0218,S1102|0218,종합운동장,406,271,True
S2603,0309,S2603|0309,미남,L2604,0401,L2604|0401,미남,278,118,True
L2604,0401,L2604|0401,미남,S2603,0309,S2603|0309,미남,278,118,True
S2603,0317,S2603|0317,대저,L48B1,0007,L48B1|0007,대저,216,44,True
L48B1,0007,L48B1|0007,대저,S2603,0317,S2603|0317,대저,216,44,True
I4101,0124,I4101|0124,청량리(서울시립대입구),I4102,1014,I4102|1014,청량리역,404,269,True
I4102,1014,I4102|1014,청량리역,I4101,0124,I4101|0124,청량리(서울시립대입구),404,269,True
I4101,0124,I4101|0124,청량리(서울시립대입구),I4108,1014,I4108|1014,청량리역,366,223,True
I4108,1014,I4108|1014,청량리역,I4101,0124,I4101|0124,청량리(서울시립대입구),366,223,True
I4102,1014,I4102|1014,청량리역,I4108,1014,I4108|1014,청량리역,239,70,True
I4108,1014,I4108|1014,청량리역,I4102,1014,I4102|1014,청량리역,239,70,True
I4101,0126,I4101|0126,신설동,S1121,2114,S1121|2114,신설동,320,168,True
S1121,2114,S1121|2114,신설동,I4101,0126,I4101|0126,신설동,320,168,True
I4101,0126,I4101|0126,신설동,L11UI,S122,L11UI|S122,신설동,298,141,True
L11UI,S122,L11UI|S122,신설동,I4101,0126,I4101|0126,신설동,298,141,True
S1121,2114,S1121|2114,신설동,L11UI,S122,L11UI|S122,신설동,409,275,True
L11UI,S122,L11UI|S122,신설동,S1121,2114,S1121|2114,신설동,409,275,True
I4101,0127,I4101|0127,동묘앞,S1106,0636,S1106|0636,동묘앞,289,130,True
S1106,0636,S1106|0636,동묘앞,I4101,0127,I4101|0127,동묘앞,289,130,True
I4101,0128,I4101|0128,동대문,I1104,0421,I1104|0421,동대문,302,146,True
I1104,0421,I1104|0421,동대문,I4101,0128,I4101|0128,동대문,302,146,True
I4101,0130,I4101|0130,종로3가,I1103,0329,I1103|0329,종로3가,284,125,True
I1103,0329,I1103|0329,종로3가,I4101,0130,I4101|0130,종로3가,284,125,True
I4101,0130,I4101|0130,종로3가,S1105,0534,S1105|0534,종로3가(탑골공원),411,277,True
S1105,0534,S1105|0534,종로3가(탑골공원),I4101,0130,I4101|0130,종로3가,411,277,True
I1103,0329,I1103|0329,종로3가,S1105,0534,S1105|0534,종로3가(탑골공원),318,166,True
S1105,0534,S1105|0534,종로3가(탑골공원),I1103,0329,I1103|0329,종로3가,318,166,True
S1102,0203,S1102|0203,을지로3가,I1103,0330,I1103|0330,을지로3가,308,154,True
I1103,0330,I1103|0330,을지로3가,S1102,0203,S1102|0203,을지로3가,308,154,True
S1102,0204,S1102|0204,을지로4가,S1105,0535,S1105|0535,을지로4가,252,87,True
S1105,0535,S1105|0535,을지로4가,S1102,0204,S1102|0204,을지로4가,252,87,True
S1102,0205,S1102|0205,동대문역사문화공원(DDP),I1104,0422,I1104|0422,동대문역사문화공원(DDP),283,124,True
I1104,0422,I1104|0422,동대문역사문화공원(DDP),S1102,0205,S1102|0205,동대문역사문화공원(DDP),283,124,True
S1102,0205,S1102|0205,동대문역사문화공원(DDP),S1105,0536,S1105|0536,동대문역사문화공원(DDP),469,346,True
S1105,0536,S1105|0536,동대문역사문화공원(DDP),S1102,0205,S1102|0205,동대문역사문화공원(DDP),469,346,True
I1104,0422,I1104|0422,동대문역사문화공원(DDP),S1105,0536,S1105|0536,동대문역사문화공원(DDP),367,224,True
S1105,0536,S1105|0536,동대문역사문화공원(DDP),I1104,0422,I1104|0422,동대문역사문화공원(DDP),367,224,True
S1102,0206,S1102|0206,신당,S1106,0635,S1106|0635,신당,424,293,True
S1106,0635,S1106|0635,신당,S1102,0206,S1102|0206,신당,424,293,True
S1102,0208,S1102|0208,왕십리(성동구청),S1105,0540,S1105|0540,왕십리(성동구청),245,78,True
S1105,0540,S1105|0540,왕십리(성동구청),S1102,0208,S1102|0208,왕십리(성동구청),245,78,True
S1102,0208,S1102|0208,왕십리(성동구청),I4102,1013,I4102|1013,왕십리역,287,128,True
I4102,1013,I4102|1013,왕십리역,S1102,0208,S1102|0208,왕십리(성동구청),287,128,True
S1102,0208,S1102|0208,왕십리(성동구청),I4105,1013,I4105|1013,왕십리역,303,148,True
I4105,1013,I4105|1013,왕십리역,S1102,0208,S1102|0208,왕십리(성동구청),303,148,True
S1105,0540,S1105|0540,왕십리(성동구청),I4102,1013,I4102|1013,왕십리역,267,104,True
I4102,1013,I4102|1013,왕십리역,S1105,0540,S1105|0540,왕십리(성동구청),267,104,True
S1105,0540,S1105|0540,왕십리(성동구청),I4105,1013,I4105|1013,왕십리역,318,166,True
I4105,1013,I4105|1013,왕십리역,S1105,0540,S1105|0540,왕십리(성동구청),318,166,True
I4102,1013,I4102|1013,왕십리역,I4105,1013,I4105|1013,왕십리역,250,84,True
I4105,1013,I4105|1013,왕십리역,I4102,1013,I4102|1013,왕십리역,250,84,True
S1102,0212,S1102|0212,건대입구,S1107,0727,S1107|0727,건대입구,324,173,True
S1107,0727,S1107|0727,건대입구,S1102,0212,S1102|0212,건대입구,324,173,True
S1102,0216,S1102|0216,잠실(송파구청),S1108,0814,S1108|0814,잠실(송파구청),509,394,True
S1108,0814,S1108|0814,잠실(송파구청),S1102,0216,S1102|0216,잠실(송파구청),509,394,True
S1102,0220,S1102|0220,선릉,I4105,1023,I4105|1023,선릉역,240,72,True
I4105,1023,I4105|1023,선릉역,S1102,0220,S1102|0220,선릉,240,72,True
S1102,0226,S1102|0226,사당,I1104,0433,I1104|0433,사당,205,30,True
I1104,0433,I1104|0433,사당,S1102,0226,S1102|0226,사당,205,30,True
S1102,0233,S1102|0233,대림(구로구청),S1107,0744,S1107|0744,대림(구로구청),331,181,True
S1107,0744,S1107|0744,대림(구로구청),S1102,0233,S1102|0233,대림(구로구청),331,181,True
S1102,0234,S1102|0234,신도림,I4101,1007,I4101|1007,신도림역,206,32,True
I4101,1007,I4101|1007,신도림역,S1102,0234,S1102|0234,신도림,206,32,True
S1102,0236,S1102|0236,영등포구청,S1105,0523,S1105|0523,영등포구청,366,224,True
S1105,0523,S1105|0523,영등포구청,S1102,0236,S1102|0236,영등포구청,366,224,True
S1102,0237,S1102|0237,당산,S1109,4113,S1109|4113,당산,274,112,True
S1109,4113,S1109|4113,당산,S1102,0237,S1102|0237,당산,274,112,True
S1102,0238,S1102|0238,합정,S1106,0622,S1106|0622,합정,298,142,True
S1106,0622,S1106|0622,합정,S1102,0238,S1102|0238,합정,298,142,True
S1102,0243,S1102|0243,충정로(경기대입구),S1105,0531,S1105|0531,충정로(경기대입구),306,152,True
S1105,0531,S1105|0531,충정로(경기대입구),S1102,0243,S1102|0243,충정로(경기대입구),306,152,True
I1103,0321,I1103|0321,연신내,S1106,0614,S1106|0614,연신내,266,103,True
S1106,0614,S1106|0614,연신내,I1103,0321,I1103|0321,연신내,266,103,True
I1103,0322,I1103|0322,불광,S1106,0612,S1106|0612,불광,267,104,True
S1106,0612,S1106|0612,불광,I1103,0322,I1103|0322,불광,267,104,True
I1103,0331,I1103|0331,충무로,I1104,0423,I1104|0423,충무로,210,35,True
I1104,0423,I1104|0423,충무로,I1103,0331,I1103|0331,충무로,210,35,True
I1103,0333,I1103|0333,약수,S1106,0633,S1106|0633,약수,243,75,True
S1106,0633,S1106|0633,약수,I1103,0333,I1103|0333,약수,243,75,True
I1103,0335,I1103|0335,옥수,I4102,1011,I4102|1011,옥수역,327,177,True
I4102,1011,I4102|1011,옥수역,I1103,0335,I1103|0335,옥수,327,177,True
I1103,0339,I1103|0339,고속터미널,S1107,0734,S1107|0734,고속터미널,325,175,True
S1107,0734,S1107|0734,고속터미널,I1103,0339,I1103|0339,고속터미널,325,175,True
I1103,0339,I1103|0339,고속터미널,S1109,4123,S1109|4123,고속터미널,291,133,True
S1109,4123,S1109|4123,고속터미널,I1103,0339,I1103|0339,고속터미널,291,133,True
S1107,0734,S1107|0734,고속터미널,S1109,4123,S1109|4123,고속터미널,427,297,True
S1109,4123,S1109|4123,고속터미널,S1107,0734,S1107|0734,고속터미널,427,297,True
I1103,0344,I1103|0344,도곡,I4105,1025,I4105|1025,도곡역,210,36,True
I4105,1025,I4105|1025,도곡역,I1103,0344,I1103|0344,도곡,210,36,True
I1103,0349,I1103|0349,수서,I4105,1030,I4105|1030,수서역,241,73,True
I4105,1030,I4105|1030,수서역,I1103,0349,I1103|0349,수서,241,73,True
I1103,0350,I1103|0350,가락시장,S1108,0817,S1108|0817,가락시장,257,92,True
S1108,0817,S1108|0817,가락시장,I1103,0350,I1103|0350,가락시장,257,92,True
I1103,0352,I1103|0352,오금,S1105,P552,S1105|P552,오금,228,57,True
S1105,P552,S1105|P552,오금,I1103,0352,I1103|0352,오금,228,57,True
I1104,0411,I1104|0411,노원,S1107,0713,S1107|0713,노원,435,306,True
S1107,0713,S1107|0713,노원,I1104,0411,I1104|0411,노원,435,306,True
I1104,0412,I1104|0412,창동,I4102,1022,I4102|1022,창동역,229,58,True
I4102,1022,I4102|1022,창동역,I1104,0412,I1104|0412,창동,229,58,True
I1104,0418,I1104|0418,성신여대입구(돈암),L11UI,S120,L11UI|S120,성신여대입구,226,55,True
L11UI,S120,L11UI|S120,성신여대입구,I1104,0418,I1104|0418,성신여대입구(돈암),226,55,True
I1104,0428,I1104|0428,삼각지(전쟁기념관),S1106,0628,S1106|0628,삼각지(전쟁기념관),306,152,True
S1106,0628,S1106|0628,삼각지(전쟁기념관),I1104,0428,I1104|0428,삼각지(전쟁기념관),306,152,True
I1104,0431,I1104|0431,동작(현충원),S1109,4120,S1109|4120,동작(현충원),333,184,True
S1109,4120,S1109|4120,동작(현충원),I1104,0431,I1104|0431,동작(현충원),333,184,True
I1104,0432,I1104|0432,총신대입구(이수),S1107,0736,S1107|0736,총신대입구(이수),393,256,True
S1107,0736,S1107|0736,총신대입구(이수),I1104,0432,I1104|0432,총신대입구(이수),393,256,True
S1105,0525,S1105|0525,신길,I4101,1032,I4101|1032,신길역,398,261,True
I4101,1032,I4101|1032,신길역,S1105,0525,S1105|0525,신길,398,261,True
S1105,0526,S1105|0526,여의도,S1109,4115,S1109|4115,여의도,193,15,True
S1109,4115,S1109|4115,여의도,S1105,0526,S1105|0526,여의도,193,15,True
S1105,0537,S1105|0537,청구,S1106,0634,S1106|0634,청구,182,2,True
S1106,0634,S1106|0634,청구,S1105,0537,S1105|0537,청구,182,2,True
S1105,0544,S1105|0544,군자(능동),S1107,0725,S1107|0725,군자(능동),187,9,True
S1107,0725,S1107|0725,군자(능동),S1105,0544,S1105|0544,군자(능동),187,9,True
S1105,0547,S1105|0547,천호(풍납토성),S1108,0811,S1108|0811,천호(풍납토성),245,79,True
S1108,0811,S1108|0811,천호(풍납토성),S1105,0547,S1105|0547,천호(풍납토성),245,79,True
S1106,0627,S1106|0627,효창공원앞,I4108,1261,I4108|1261,효창공원앞역,266,103,True
I4108,1261,I4108|1261,효창공원앞역,S1106,0627,S1106|0627,효창공원앞,266,103,True
S1106,0638,S1106|0638,보문,L11UI,S121,L11UI|S121,보문,206,31,True
L11UI,S121,L11UI|S121,보문,S1106,0638,S1106|0638,보문,206,31,True
S1106,0644,S1106|0644,석계,I4102,1018,I4102|1018,석계역,215,42,True
I4102,1018,I4102|1018,석계역,S1106,0644,S1106|0644,석계,215,42,True
S1106,0645,S1106|0645,태릉입구,S1107,0717,S1107|0717,태릉입구,300,144,True
S1107,0717,S1107|0717,태릉입구,S1106,0645,S1106|0645,태릉입구,300,144,True
S1106,0648,S1106|0648,신내,I41K2,1311,I41K2|1311,신내역,261,98,True
I41K2,1311,I41K2|1311,신내역,S1106,0648,S1106|0648,신내,261,98,True
S1107,0710,S1107|0710,도봉산,I4102,1903,I4102|1903,도봉산역,237,69,True
I4102,1903,I4102|1903,도봉산역,S1107,0710,S1107|0710,도봉산,237,69,True
S1107,0720,S1107|0720,상봉,I4108,1202,I4108|1202,상봉역,281,121,True
I4108,1202,I4108|1202,상봉역,S1107,0720,S1107|0720,상봉,281,121,True
S1107,0720,S1107|0720,상봉,I4108,1202,I4108|1202,상봉역,220,48,True
I4108,1202,I4108|1202,상봉역,S1107,0720,S1107|0720,상봉,220,48,True
S1107,0730,S1107|0730,강남구청,I4105,1849,I4105|1849,강남구청역,243,75,True
I4105,1849,I4105|1849,강남구청역,S1107,0730,S1107|0730,강남구청,243,75,True
S1107,0746,S1107|0746,가산디지털단지,I4101,1702,I4101|1702,가산디지털단지역,291,133,True
I4101,1702,I4101|1702,가산디지털단지역,S1107,0746,S1107|0746,가산디지털단지,291,133,True
S1107,0750,S1107|0750,온수(성공회대입구),I1101,1821,I1101|1821,온수역,201,25,True
I1101,1821,I1101|1821,온수역,S1107,0750,S1107|0750,온수(성공회대입구),201,25,True
S1108,0815,S1108|0815,석촌,S1109,4133,S1109|4133,석촌,210,36,True
S1109,4133,S1109|4133,석촌,S1108,0815,S1108|0815,석촌,210,36,True
S1108,0820,S1108|0820,복정,I4105,1031,I4105|1031,복정역,297,141,True
I4105,1031,I4105|1031,복정역,S1108,0820,S1108|0820,복정,297,141,True
S1108,0827,S1108|0827,모란,I4105,1853,I4105|1853,모란역,364,221,True
I4105,1853,I4105|1853,모란역,S1108,0827,S1108|0827,모란,364,221,True
S1105,P550,S1105|P550,올림픽공원(한국체대),S1109,4136,S1109|4136,올림픽공원(한국체대),227,56,True
S1109,4136,S1109|4136,올림픽공원(한국체대),S1105,P550,S1105|P550,올림픽공원(한국체대),227,56,True
S1109,4127,S1109|4127,선정릉,I4105,1850,I4105|1850,선정릉역,226,55,True
I4105,1850,I4105|1850,선정릉역,S1109,4127,S1109|4127,선정릉,226,55,True
S1109,4117,S1109|4117,노량진,I4101,1004,I4101|1004,노량진역,247,80,True
I4101,1004,I4101|1004,노량진역,S1109,4117,S1109|4117,노량진,247,80,True
L41U1,U111,L41U1|U111,회룡,I4102,1905,I4102|1905,회룡역,282,122,True
I4102,1905,I4102|1905,회룡역,L41U1,U111,L41U1|U111,회룡,282,122,True
S2801,3118,S2801|3118,부평구청,S1107,3761,S1107|3761,부평구청,310,156,True
S1107,3761,S1107|3761,부평구청,S2801,3118,S2801|3118,부평구청,310,156,True
S2801,3120,S2801|3120,부평,I1101,1806,I1101|1806,부평역,311,157,True
I1101,1806,I1101|1806,부평역,S2801,3120,S2801|3120,부평,311,157,True
S2801,3124,S2801|3124,인천시청,S2802,3221,S2802|3221,인천시청,263,100,True
S2802,3221,S2802|3221,인천시청,S2801,3124,S2801|3124,인천시청,263,100,True
S2801,3130,S2801|3130,원인재,I28K1,1884,I28K1|1884,원인재역,266,104,True
I28K1,1884,I28K1|1884,원인재역,S2801,3130,S2801|3130,원인재,266,104,True
S2802,3213,S2802|3213,석남(거북시장),S1107,3763,S1107|3763,석남(거북시장),273,112,True
S1107,3763,S1107|3763,석남(거북시장),S2802,3213,S2802|3213,석남(거북시장),273,112,True
S2802,3218,S2802|3218,주안,I1101,1809,I1101|1809,주안역,303,148,True
I1101,1809,I1101|1809,주안역,S2802,3218,S2802|3218,주안,303,148,True
S2802,3218,S2802|3218,주안,I1101,1809,I1101|1809,주안역,303,148,True
I1101,1809,I1101|1809,주안역,S2802,3218,S2802|3218,주안,303,148,True
I1101,1809,I1101|1809,주안역,I1101,1809,I1101|1809,주안역,180,0,True
I1101,1809,I1101|1809,주안역,I1101,1809,I1101|1809,주안역,180,0,True
S1107,3754,S1107|3754,부천종합운동장,I41WS,1982,I41WS|1982,부천종합운동장역,225,54,True
I41WS,1982,I41WS|1982,부천종합운동장역,S1107,3754,S1107|3754,부천종합운동장,225,54,True
I4102,1015,I4102|1015,회기역,I4108,1015,I4108|1015,회기역,199,22,True
I4108,1015,I4108|1015,회기역,I4102,1015,I4102|1015,회기역,199,22,True
I4102,1019,I4102|1019,광운대역,I4108,1019,I4108|1019,광운대역,214,40,True
I4108,1019,I4108|1019,광운대역,I4102,1019,I4102|1019,광운대역,214,40,True
I4102,1019,I4102|1019,광운대역,I4108,1019,I4108|1019,광운대역,194,16,True
I4108,1019,I4108|1019,광운대역,I4102,1019,I4102|1019,광운대역,194,16,True
I4108,1203,I4108|1203,망우역,I41K2,1203,I41K2|1203,망우역,248,82,True
I41K2,1203,I41K2|1203,망우역,I4108,1203,I4108|1203,망우역,248,82,True
I4108,1271,I4108|1271,능곡역,I41WS,1271,I41WS|1271,능곡역,201,26,True
I41WS,1271,I41WS|1271,능곡역,I4108,1271,I4108|1271,능곡역,201,26,True
I4108,1272,I4108|1272,곡산역,I41WS,1272,I41WS|1272,곡산역,180,0,True
I41WS,1272,I41WS|1272,곡산역,I4108,1272,I4108|1272,곡산역,180,0,True
I4108,1273,I4108|1273,백마역,I41WS,1273,I41WS|1273,백마역,180,0,True
I41WS,1273,I41WS|1273,백마역,I4108,1273,I4108|1273,백마역,180,0,True
I4108,1274,I4108|1274,풍산역,I41WS,1274,I41WS|1274,풍산역,180,0,True
I41WS,1274,I41WS|1274,풍산역,I4108,1274,I4108|1274,풍산역,180,0,True
I4108,1275,I4108|1275,일산역,I41WS,1275,I41WS|1275,일산역,180,0,True
I41WS,1275,I41WS|1275,일산역,I4108,1275,I4108|1275,일산역,180,0,True
I41K5,1502,I41K5|1502,이매역,I4105,1860,I4105|1860,이매역,317,164,True
I4105,1860,I4105|1860,이매역,I41K5,1502,I41K5|1502,이매역,317,164,True
I4101,1708,I4101|1708,금정역,I4103,1708,I4103|1708,금정역,195,18,True
I4103,1708,I4103|1708,금정역,I4101,1708,I4101|1708,금정역,195,18,True
I28K1,1755,I28K1|1755,한대앞역,I4103,1755,I4103|1755,한대앞역,210,36,True
I4103,1755,I4103|1755,한대앞역,I28K1,1755,I28K1|1755,한대앞역,210,36,True
I28K1,1757,I28K1|1757,고잔역,I4103,1757,I4103|1757,고잔역,180,0,True
I4103,1757,I4103|1757,고잔역,I28K1,1757,I28K1|1757,고잔역,180,0,True
I28K1,1758,I28K1|1758,초지역,I4103,1758,I4103|1758,초지역,180,0,True
I4103,1758,I4103|1758,초지역,I28K1,1758,I28K1|1758,초지역,180,0,True
I28K1,1758,I28K1|1758,초지역,I41WS,4813,I41WS|4813,초지역,327,177,True
I41WS,4813,I41WS|4813,초지역,I28K1,1758,I28K1|1758,초지역,327,177,True
I4103,1758,I4103|1758,초지역,I41WS,4813,I41WS|4813,초지역,327,177,True
I41WS,4813,I41WS|4813,초지역,I4103,1758,I4103|1758,초지역,327,177,True
I28K1,1759,I28K1|1759,안산역,I4103,1759,I4103|1759,안산역,180,0,True
I4103,1759,I4103|1759,안산역,I28K1,1759,I28K1|1759,안산역,180,0,True
I28K1,1760,I28K1|1760,능길역,I4103,1760,I4103|1760,능길역,180,0,True
I4103,1760,I4103|1760,능길역,I28K1,1760,I28K1|1760,능길역,180,0,True
I28K1,1761,I28K1|1761,정왕역,I4103,1761,I4103|1761,정왕역,180,0,True
I4103,1761,I4103|1761,정왕역,I28K1,1761,I28K1|1761,정왕역,180,0,True
I28K1,1762,I28K1|1762,오이도역,I4103,1762,I4103|1762,오이도역,180,0,True
I4103,1762,I4103|1762,오이도역,I28K1,1762,I28K1|1762,오이도역,180,0,True
I1101,1812,I1101|1812,인천역,I28K1,1891,I28K1|1891,인천역,216,43,True
I28K1,1891,I28K1|1891,인천역,I1101,1812,I1101|1812,인천역,216,43,True
I1101,4804,I1101|4804,소사역,I41WS,4804,I41WS|4804,소사역,223,52,True
I41WS,4804,I41WS|4804,소사역,I1101,4804,I1101|4804,소사역,223,52,True
